time(s),Temperature (in),Heater 1 %(in),Heater 2 %(in)





0.001,29.0,0.0,0.0
2.783,29.0,0.0,0.0
3.917,29.0,0.0,0.0
5.023,29.0,0.0,0.0
6.141,29.0,0.0,0.0
7.263,29.0,0.0,0.0
8.381,29.0,0.0,0.0
9.505,29.0,0.0,0.0
10.622,29.0,0.0,0.0

11.744,29.0,0.0,0.0
12.862,29.0,0.0,0.0
13.985,29.0,0.0,0.0
15.106,29.0,0.0,0.0
16.225,29.0,0.0,0.0
17.343,29.0,0.0,0.0
18.465,29.0,0.0,0.0
19.583,29.0,0.0,0.0

20.708,29.0,100.0,0.0
21.824,29.0,100.0,0.0
22.942,29.0,100.0,0.0
24.064,29.0,100.0,0.0
25.183,29.0,100.0,0.0
26.305,29.0,100.0,0.0
27.423,29.0,100.0,0.0
28.545,29.0,100.0,0.0
29.663,29.0,100.0,0.0

30.786,29.0,100.0,0.0
31.904,29.0,100.0,0.0
33.026,29.0,100.0,0.0
34.144,29.0,100.0,0.0
35.266,29.0,100.0,0.0
36.388,29.0,100.0,0.0
37.507,29.0,100.0,0.0
38.625,29.0,100.0,0.0

39.743,29.0,100.0,0.0
40.865,29.0,100.0,0.0
41.984,29.0,100.0,0.0
43.106,29.0,100.0,0.0
44.224,29.0,100.0,0.0
45.346,29.0,100.0,0.0
46.465,29.0,100.0,0.0
47.587,29.0,100.0,0.0
48.707,29.0,100.0,0.0

49.827,29.0,100.0,0.0
50.945,29.0,100.0,0.0
52.068,29.0,100.0,0.0
53.186,29.0,100.0,0.0
54.31,29.0,100.0,0.0
55.426,29.0,100.0,0.0
56.548,29.0,100.0,0.0
57.667,29.0,100.0,0.0

58.789,29.0,100.0,0.0
59.907,29.0,100.0,0.0
61.025,29.0,100.0,0.0
62.148,29.0,100.0,0.0
63.266,29.0,100.0,0.0
64.388,29.0,100.0,0.0
65.506,29.0,100.0,0.0
66.628,29.0,100.0,0.0
67.747,29.0,100.0,0.0

68.878,29.0,100.0,0.0
69.987,29.0,100.0,0.0
71.11,29.0,100.0,0.0
72.227,29.0,100.0,0.0
73.35,29.0,100.0,0.0
74.473,29.0,100.0,0.0
75.59,29.0,100.0,0.0
76.708,29.0,100.0,0.0

77.83,29.0,100.0,0.0
78.949,29.0,100.0,0.0
80.071,29.0,100.0,0.0
81.189,29.0,100.0,0.0
82.307,29.0,100.0,0.0
83.429,29.0,100.0,0.0
84.548,29.0,100.0,0.0
85.67,29.0,100.0,0.0

86.788,29.0,100.0,0.0
87.91,29.0,100.0,0.0
89.029,29.0,100.0,0.0
90.151,29.0,100.0,0.0
91.27,29.0,100.0,0.0
92.391,29.0,100.0,0.0
93.509,29.0,100.0,0.0
94.632,29.0,100.0,0.0
95.75,29.0,100.0,0.0

96.872,29.0,100.0,0.0
97.994,29.0,100.0,0.0
99.112,29.0,100.0,0.0
100.231,29.0,100.0,0.0
101.353,29.0,100.0,0.0
102.471,29.5,100.0,0.0
103.589,29.5,100.0,0.0
104.711,29.5,100.0,0.0

105.83,29.5,100.0,0.0
106.952,29.5,100.0,0.0
108.07,29.5,100.0,0.0
109.192,29.5,100.0,0.0
110.31,29.5,100.0,0.0
111.433,29.5,100.0,0.0
112.551,29.5,100.0,0.0
113.673,29.5,100.0,0.0
114.791,29.5,100.0,0.0

115.914,29.5,100.0,0.0
117.032,29.5,100.0,0.0
118.154,29.5,100.0,0.0
119.272,29.5,100.0,0.0
120.395,29.5,100.0,0.0
121.512,29.5,100.0,0.0
122.631,29.5,100.0,0.0
123.753,29.5,100.0,0.0

124.871,29.5,100.0,0.0
125.993,29.5,100.0,0.0
127.112,29.5,100.0,0.0
128.237,29.5,100.0,0.0
129.352,29.5,100.0,0.0
130.474,29.5,100.0,0.0
131.593,29.5,100.0,0.0
132.72,29.5,100.0,0.0
133.833,29.5,100.0,0.0

134.955,29.5,100.0,0.0
136.073,29.5,100.0,0.0
137.2,29.5,100.0,0.0
138.314,29.5,100.0,0.0
139.437,29.5,100.0,0.0
140.554,29.5,100.0,0.0
141.677,29.5,100.0,0.0
142.795,29.5,100.0,0.0

143.913,29.5,100.0,0.0
145.037,29.5,100.0,0.0
146.153,29.5,100.0,0.0
147.276,29.5,100.0,0.0
148.394,29.5,100.0,0.0
149.516,29.5,100.0,0.0
150.636,29.5,100.0,0.0
151.756,29.5,100.0,0.0

152.875,29.5,100.0,0.0
153.997,29.5,100.0,0.0
155.115,29.5,100.0,0.0
156.237,29.5,100.0,0.0
157.355,29.5,100.0,0.0
158.478,29.5,100.0,0.0
159.596,29.5,100.0,0.0
160.718,29.5,100.0,0.0
161.836,29.5,100.0,0.0

162.959,29.5,100.0,0.0
164.077,29.5,100.0,0.0
165.195,29.5,100.0,0.0
166.318,29.5,100.0,0.0
167.444,29.5,100.0,0.0
168.557,29.5,100.0,0.0
169.676,30.0,100.0,0.0
170.798,29.5,100.0,0.0

171.916,30.0,100.0,0.0
173.038,30.0,100.0,0.0
174.157,30.0,100.0,0.0
175.279,30.0,100.0,0.0
176.397,30.0,100.0,0.0
177.519,30.0,100.0,0.0
178.64,30.0,100.0,0.0
179.76,30.0,100.0,0.0
180.878,30.0,100.0,0.0

182.004,30.0,100.0,0.0
183.118,30.0,100.0,0.0
184.242,30.0,100.0,0.0
185.359,30.0,100.0,0.0
186.477,30.0,100.0,0.0
187.599,30.0,100.0,0.0
188.724,30.0,100.0,0.0
189.84,30.0,100.0,0.0

190.958,30.0,100.0,0.0
192.08,30.0,100.0,0.0
193.198,30.0,100.0,0.0
194.321,30.0,100.0,0.0
195.439,30.0,100.0,0.0
196.561,30.0,100.0,0.0
197.679,30.0,100.0,0.0
198.803,30.0,100.0,0.0
199.919,30.0,100.0,0.0

201.044,30.0,100.0,0.0
202.16,30.0,100.0,0.0
203.282,30.0,100.0,0.0
204.401,30.0,100.0,0.0
205.523,30.0,100.0,0.0
206.641,30.0,100.0,0.0
207.759,30.0,100.0,0.0
208.881,30.0,100.0,0.0

209.999,30.0,100.0,0.0
211.122,30.0,100.0,0.0
212.239,30.0,100.0,0.0
213.362,30.0,100.0,0.0
214.48,30.0,100.0,0.0
215.602,30.0,100.0,0.0
216.721,30.0,100.0,0.0
217.843,30.0,100.0,0.0

218.961,30.0,100.0,0.0
220.083,30.0,100.0,0.0
221.203,30.0,100.0,0.0
222.324,30.0,100.0,0.0
223.442,30.0,100.0,0.0
224.565,30.0,100.0,0.0
225.682,30.0,100.0,0.0
226.804,30.0,100.0,0.0
227.922,30.0,100.0,0.0

229.044,30.0,100.0,0.0
230.163,30.0,100.0,0.0
231.281,30.0,100.0,0.0
232.404,30.0,100.0,0.0
233.522,30.0,100.0,0.0
234.644,30.0,100.0,0.0
235.762,30.0,100.0,0.0
236.887,30.0,100.0,0.0

238.002,30.0,100.0,0.0
239.125,30.0,100.0,0.0
240.243,30.0,100.0,0.0
241.366,30.0,100.0,0.0
242.483,30.0,100.0,0.0
243.605,30.0,100.0,0.0
244.724,30.0,100.0,0.0
245.846,30.0,100.0,0.0
246.964,30.0,100.0,0.0

248.082,30.0,100.0,0.0
249.205,30.0,100.0,0.0
250.324,30.0,100.0,0.0
251.445,30.0,100.0,0.0
252.563,30.0,100.0,0.0
253.685,30.0,100.0,0.0
254.804,30.5,100.0,0.0
255.925,30.5,100.0,0.0

257.044,30.5,100.0,0.0
258.17,30.5,100.0,0.0
259.284,30.5,100.0,0.0
260.407,30.5,100.0,0.0
261.525,30.5,100.0,0.0
262.648,30.5,100.0,0.0
263.765,30.5,100.0,0.0
264.887,30.5,100.0,0.0
266.006,30.5,100.0,0.0

267.128,30.5,100.0,0.0
268.246,30.5,100.0,0.0
269.364,30.5,100.0,0.0
270.486,30.5,100.0,0.0
271.605,30.5,100.0,0.0
272.727,30.5,100.0,0.0
273.845,30.5,100.0,0.0
274.969,30.5,100.0,0.0

276.096,30.5,100.0,0.0
277.208,30.5,100.0,0.0
278.326,30.5,100.0,0.0
279.448,30.5,100.0,0.0
280.569,30.5,100.0,0.0
281.693,30.5,100.0,0.0
282.807,30.5,100.0,0.0
283.929,30.5,100.0,0.0

285.047,30.5,100.0,0.0
286.169,30.5,100.0,0.0
287.287,30.5,100.0,0.0
288.406,30.5,100.0,0.0
289.528,30.5,100.0,0.0
290.646,30.5,100.0,0.0
291.769,30.5,100.0,0.0
292.887,30.5,100.0,0.0
294.009,30.5,100.0,0.0

295.127,30.5,100.0,0.0
296.249,30.5,100.0,0.0
297.368,30.5,100.0,0.0
298.49,30.5,100.0,0.0
299.608,30.5,100.0,0.0
300.73,30.5,100.0,0.0
301.848,30.5,100.0,0.0
302.971,30.5,100.0,0.0

304.089,30.5,100.0,0.0
305.211,30.5,100.0,0.0
306.329,30.5,100.0,0.0
307.451,30.5,100.0,0.0
308.57,30.5,100.0,0.0
309.688,30.5,100.0,0.0
310.81,30.5,100.0,0.0
311.928,30.5,100.0,0.0
313.05,30.5,100.0,0.0

314.169,30.5,100.0,0.0
315.292,30.5,100.0,0.0
316.409,30.5,100.0,0.0
317.531,30.5,100.0,0.0
318.649,30.5,100.0,0.0
319.772,30.5,100.0,0.0
320.89,30.5,100.0,0.0
322.012,30.5,100.0,0.0

323.13,30.5,100.0,0.0
324.252,30.5,100.0,0.0
325.371,30.5,100.0,0.0
326.493,30.5,100.0,0.0
327.611,30.5,100.0,0.0
328.734,30.5,100.0,0.0
329.851,30.5,100.0,0.0
330.97,30.5,100.0,0.0
332.092,30.5,100.0,0.0

333.21,30.5,100.0,0.0
334.335,30.5,100.0,0.0
335.451,30.5,100.0,0.0
336.573,30.5,100.0,0.0
337.691,30.5,100.0,0.0
338.813,31.0,100.0,0.0
339.935,30.5,100.0,0.0
341.054,30.5,100.0,0.0

342.172,31.0,100.0,0.0
343.294,31.0,100.0,0.0
344.412,31.0,100.0,0.0
345.534,31.0,100.0,0.0
346.653,31.0,100.0,0.0
347.775,31.0,100.0,0.0
348.893,31.0,100.0,0.0
350.015,31.0,100.0,0.0

351.135,31.0,100.0,0.0
352.252,31.0,100.0,0.0
353.374,31.0,100.0,0.0
354.492,31.0,100.0,0.0
355.614,31.0,100.0,0.0
356.739,31.0,100.0,0.0
357.856,31.0,100.0,0.0
358.973,31.0,100.0,0.0
360.095,31.0,100.0,0.0

361.213,31.0,100.0,0.0
362.336,31.0,100.0,0.0
363.454,31.0,100.0,0.0
364.576,31.0,100.0,0.0
365.694,31.0,100.0,0.0
366.816,31.0,100.0,0.0
367.935,31.0,100.0,0.0
369.057,31.0,100.0,0.0

370.175,31.0,100.0,0.0
371.297,31.0,100.0,0.0
372.415,31.0,100.0,0.0
373.534,31.0,100.0,0.0
374.656,31.0,100.0,0.0
375.774,31.0,100.0,0.0
376.896,31.0,100.0,0.0
378.015,31.0,100.0,0.0
379.137,31.0,100.0,0.0

380.255,31.0,100.0,0.0
381.377,31.0,100.0,0.0
382.495,31.0,100.0,0.0
383.618,31.0,100.0,0.0
384.736,31.0,100.0,0.0
385.859,31.0,100.0,0.0
386.976,31.0,100.0,0.0
388.101,31.0,100.0,0.0

389.216,31.0,100.0,0.0
390.339,31.0,100.0,0.0
391.457,31.0,100.0,0.0
392.575,31.0,100.0,0.0
393.711,31.0,100.0,0.0
394.816,31.0,100.0,0.0
395.938,31.0,100.0,0.0
397.056,31.0,100.0,0.0

398.179,31.0,100.0,0.0
399.296,31.0,100.0,0.0
400.419,31.0,100.0,0.0
401.537,31.0,100.0,0.0
402.659,31.0,100.0,0.0
403.777,31.0,100.0,0.0
404.899,31.0,100.0,0.0
406.018,31.0,100.0,0.0
407.14,31.0,100.0,0.0

408.258,31.0,100.0,0.0
409.38,31.0,100.0,0.0
410.509,31.0,100.0,0.0
411.621,31.0,100.0,0.0
412.739,31.0,100.0,0.0
413.857,31.0,100.0,0.0
414.979,31.0,100.0,0.0
416.101,31.0,100.0,0.0

417.22,31.0,100.0,0.0
418.338,31.0,100.0,0.0
419.46,31.0,100.0,0.0
420.579,31.0,100.0,0.0
421.701,31.0,100.0,0.0
422.819,31.5,100.0,0.0
423.941,31.5,100.0,0.0
425.059,31.5,100.0,0.0
426.182,31.5,100.0,0.0

427.3,31.5,100.0,0.0
428.422,31.5,100.0,0.0
429.54,31.5,100.0,0.0
430.662,31.5,100.0,0.0
431.781,31.5,100.0,0.0
432.903,31.5,100.0,0.0
434.021,31.5,100.0,0.0
435.139,31.5,100.0,0.0

436.261,31.5,100.0,0.0
437.38,31.5,100.0,0.0
438.502,31.5,100.0,0.0
439.62,31.5,100.0,0.0
440.743,31.5,100.0,0.0
441.86,31.5,100.0,0.0
442.985,31.5,100.0,0.0
444.101,31.5,100.0,0.0

445.223,31.5,100.0,0.0
446.341,31.5,100.0,0.0
447.463,31.5,100.0,0.0
448.582,31.5,100.0,0.0
449.704,31.5,100.0,0.0
450.822,31.5,100.0,0.0
451.945,31.5,100.0,0.0
453.063,31.5,100.0,0.0
454.185,31.5,100.0,0.0

455.303,31.5,100.0,0.0
456.421,31.5,100.0,0.0
457.547,31.5,100.0,0.0
458.662,31.5,100.0,0.0
459.784,31.5,100.0,0.0
460.902,31.5,100.0,0.0
462.024,31.5,100.0,0.0
463.142,31.5,100.0,0.0

464.268,31.5,100.0,0.0
465.383,31.5,100.0,0.0
466.508,31.5,100.0,0.0
467.623,31.5,100.0,0.0
468.746,31.5,100.0,0.0
469.867,31.5,100.0,0.0
470.986,31.5,100.0,0.0
472.104,31.5,100.0,0.0
473.235,31.5,100.0,0.0

474.344,31.5,100.0,0.0
475.467,31.5,100.0,0.0
476.585,31.5,100.0,0.0
477.703,31.5,100.0,0.0
478.825,31.5,100.0,0.0
479.944,31.5,100.0,0.0
481.067,31.5,100.0,0.0
482.184,31.5,100.0,0.0

483.306,31.5,100.0,0.0
484.425,31.5,100.0,0.0
485.547,31.5,100.0,0.0
486.667,31.5,100.0,0.0
487.787,31.5,100.0,0.0
488.905,31.5,100.0,0.0
490.027,31.5,100.0,0.0
491.145,31.5,100.0,0.0
492.268,31.5,100.0,0.0

493.386,31.5,100.0,0.0
494.52,31.5,100.0,0.0
495.627,31.5,100.0,0.0
496.749,31.5,100.0,0.0
497.869,31.5,100.0,0.0
498.985,31.5,100.0,0.0
500.107,31.5,100.0,0.0
501.225,31.5,100.0,0.0

502.348,31.5,100.0,0.0
503.466,31.5,100.0,0.0
504.588,31.5,100.0,0.0
505.706,32.0,100.0,0.0
506.829,32.0,100.0,0.0
507.947,32.0,100.0,0.0
509.069,32.0,100.0,0.0
510.187,32.0,100.0,0.0

511.309,32.0,100.0,0.0
512.428,32.0,100.0,0.0
513.55,32.0,100.0,0.0
514.668,32.0,100.0,0.0
515.79,32.0,100.0,0.0
516.909,32.0,100.0,0.0
518.032,32.0,100.0,0.0
519.149,32.0,100.0,0.0
520.267,32.0,100.0,0.0

521.392,32.0,100.0,0.0
522.508,32.0,100.0,0.0
523.632,32.0,100.0,0.0
524.748,32.0,100.0,0.0
525.87,32.0,100.0,0.0
526.989,32.0,100.0,0.0
528.111,32.0,100.0,0.0
529.229,32.0,100.0,0.0

530.351,32.0,100.0,0.0
531.469,32.0,100.0,0.0
532.592,32.0,100.0,0.0
533.71,32.0,100.0,0.0
534.833,32.0,100.0,0.0
535.95,32.0,100.0,0.0
537.072,32.0,100.0,0.0
538.191,32.0,100.0,0.0
539.309,32.0,100.0,0.0

540.431,32.0,100.0,0.0
541.549,32.0,100.0,0.0
542.672,32.0,100.0,0.0
543.79,32.0,100.0,0.0
544.912,32.0,100.0,0.0
546.034,32.0,100.0,0.0
547.152,32.0,100.0,0.0
548.271,32.0,100.0,0.0

549.393,32.0,100.0,0.0
550.511,32.0,100.0,0.0
551.633,32.0,100.0,0.0
552.751,32.0,100.0,0.0
553.873,32.0,100.0,0.0
554.992,32.0,100.0,0.0
556.114,32.0,100.0,0.0
557.232,32.0,100.0,0.0

558.354,32.0,100.0,0.0
559.473,32.0,100.0,0.0
560.591,32.0,100.0,0.0
561.713,32.0,100.0,0.0
562.833,32.0,100.0,0.0
563.953,32.0,100.0,0.0
565.072,32.0,100.0,0.0
566.198,32.0,100.0,0.0
567.312,32.0,100.0,0.0

568.434,32.0,100.0,0.0
569.553,32.0,100.0,0.0
570.675,32.0,100.0,0.0
571.793,32.0,100.0,0.0
572.915,32.0,100.0,0.0
574.034,32.0,100.0,0.0
575.156,32.0,100.0,0.0
576.274,32.0,100.0,0.0

577.4,32.0,100.0,0.0
578.514,32.0,100.0,0.0
579.636,32.0,100.0,0.0
580.755,32.0,100.0,0.0
581.873,32.0,100.0,0.0
582.995,32.0,100.0,0.0
584.113,32.0,100.0,0.0
585.235,32.0,100.0,0.0
586.354,32.5,100.0,0.0

587.476,32.5,100.0,0.0
588.594,32.5,100.0,0.0
589.719,32.5,100.0,0.0
590.834,32.5,100.0,0.0
591.957,32.5,100.0,0.0
593.075,32.5,100.0,0.0
594.197,32.5,100.0,0.0
595.315,32.5,100.0,0.0

596.437,32.5,100.0,0.0
597.555,32.5,100.0,0.0
598.678,32.5,100.0,0.0
599.801,32.5,100.0,0.0
600.919,32.5,100.0,0.0
602.037,32.5,100.0,0.0
603.155,32.5,100.0,0.0
604.278,32.5,100.0,0.0
605.395,32.5,100.0,0.0

606.518,32.5,100.0,0.0
607.644,32.5,100.0,0.0
608.765,32.5,100.0,0.0
609.876,32.5,100.0,0.0
610.999,32.5,100.0,0.0
612.116,32.5,100.0,0.0
613.239,32.5,100.0,0.0
614.357,32.5,100.0,0.0

615.479,32.5,100.0,0.0
616.597,32.5,100.0,0.0
617.72,32.5,100.0,0.0
618.838,32.5,100.0,0.0
619.96,32.5,100.0,0.0
621.078,32.5,100.0,0.0
622.204,32.5,100.0,0.0
623.319,32.5,100.0,0.0

624.437,32.5,100.0,0.0
625.566,32.5,100.0,0.0
626.677,32.5,100.0,0.0
627.799,32.5,100.0,0.0
628.918,32.5,100.0,0.0
630.04,32.5,100.0,0.0
631.158,32.5,100.0,0.0
632.28,32.5,100.0,0.0
633.399,32.5,100.0,0.0

634.521,32.5,100.0,0.0
635.639,32.5,100.0,0.0
636.761,32.5,100.0,0.0
637.879,32.5,100.0,0.0
639.002,32.5,100.0,0.0
640.12,32.5,100.0,0.0
641.242,32.5,100.0,0.0
642.36,32.5,100.0,0.0

643.479,32.5,100.0,0.0
644.601,32.5,100.0,0.0
645.719,32.5,100.0,0.0
646.841,32.5,100.0,0.0
647.959,32.5,100.0,0.0
649.081,32.5,100.0,0.0
650.201,32.5,100.0,0.0
651.323,32.5,100.0,0.0
652.44,32.5,100.0,0.0

653.564,32.5,100.0,0.0
654.681,32.5,100.0,0.0
655.803,32.5,100.0,0.0
656.921,32.5,100.0,0.0
658.043,32.5,100.0,0.0
659.161,32.5,100.0,0.0
660.284,32.5,100.0,0.0
661.404,32.5,100.0,0.0

662.524,32.5,100.0,0.0
663.642,32.5,100.0,0.0
664.76,32.5,100.0,0.0
665.883,33.0,100.0,0.0
667.001,32.5,100.0,0.0
668.123,32.5,100.0,0.0
669.241,32.5,100.0,0.0
670.365,32.5,100.0,0.0

671.481,33.0,100.0,0.0
672.604,33.0,100.0,0.0
673.722,33.0,100.0,0.0
674.844,33.0,100.0,0.0
675.969,33.0,100.0,0.0
677.085,33.0,100.0,0.0
678.204,33.0,100.0,0.0
679.325,33.0,100.0,0.0
680.443,33.0,100.0,0.0

681.566,33.0,100.0,0.0
682.684,33.0,100.0,0.0
683.806,33.0,100.0,0.0
684.924,33.0,100.0,0.0
686.042,33.0,100.0,0.0
687.165,33.0,100.0,0.0
688.283,33.0,100.0,0.0
689.405,33.0,100.0,0.0

690.523,33.0,100.0,0.0
691.646,33.0,100.0,0.0
692.764,33.0,100.0,0.0
693.886,33.0,100.0,0.0
695.004,33.0,100.0,0.0
696.126,33.0,100.0,0.0
697.245,33.0,100.0,0.0
698.373,33.0,100.0,0.0
699.485,33.0,100.0,0.0

700.607,33.0,100.0,0.0
701.725,33.0,100.0,0.0
702.848,33.0,100.0,0.0
703.966,33.0,100.0,0.0
705.088,33.0,100.0,0.0
706.206,33.0,100.0,0.0
707.325,33.0,100.0,0.0
708.447,33.0,100.0,0.0

709.566,33.0,100.0,0.0
710.687,33.0,100.0,0.0
711.805,33.0,100.0,0.0
712.928,33.0,100.0,0.0
714.046,33.0,100.0,0.0
715.171,33.0,100.0,0.0
716.286,33.0,100.0,0.0
717.408,33.0,100.0,0.0

718.527,33.0,100.0,0.0
719.649,33.0,100.0,0.0
720.767,33.0,100.0,0.0
721.889,33.0,100.0,0.0
723.008,33.0,100.0,0.0
724.132,33.0,100.0,0.0
725.252,33.0,100.0,0.0
726.37,33.0,100.0,0.0
727.488,33.0,100.0,0.0

728.606,33.0,100.0,0.0
729.731,33.0,100.0,0.0
730.847,33.0,100.0,0.0
731.969,33.0,100.0,0.0
733.087,33.0,100.0,0.0
734.21,33.0,100.0,0.0
735.331,33.0,100.0,0.0
736.45,33.0,100.0,0.0

737.568,33.0,100.0,0.0
738.692,33.0,100.0,0.0
739.809,33.0,100.0,0.0
740.931,33.0,100.0,0.0
742.049,33.0,100.0,0.0
743.171,33.0,100.0,0.0
744.293,33.0,100.0,0.0
745.412,33.0,100.0,0.0
746.53,33.0,100.0,0.0

747.648,33.0,100.0,0.0
748.77,33.0,100.0,0.0
749.894,33.0,100.0,0.0
751.011,33.0,100.0,0.0
752.131,33.0,100.0,0.0
753.252,33.5,100.0,0.0
754.369,33.5,100.0,0.0
755.492,33.5,100.0,0.0

756.61,33.5,100.0,0.0
757.732,33.5,100.0,0.0
758.85,33.5,100.0,0.0
759.973,33.5,100.0,0.0
761.092,33.5,100.0,0.0
762.213,33.5,100.0,0.0
763.331,33.5,100.0,0.0
764.453,33.5,100.0,0.0
765.572,33.5,100.0,0.0

766.694,33.5,100.0,0.0
767.812,33.5,100.0,0.0
768.934,33.5,100.0,0.0
770.052,33.5,100.0,0.0
771.17,33.5,100.0,0.0
772.293,33.5,100.0,0.0
773.411,33.5,100.0,0.0
774.533,33.5,100.0,0.0

775.651,33.5,100.0,0.0
776.773,33.5,100.0,0.0
777.892,33.5,100.0,0.0
779.014,33.5,100.0,0.0
780.132,33.5,100.0,0.0
781.255,33.5,100.0,0.0
782.373,33.5,100.0,0.0
783.495,33.5,100.0,0.0

784.613,33.5,100.0,0.0
785.736,33.5,100.0,0.0
786.854,33.5,100.0,0.0
787.976,33.5,100.0,0.0
789.1,33.5,100.0,0.0
790.216,33.5,100.0,0.0
791.334,33.5,100.0,0.0
792.452,33.5,100.0,0.0
793.575,33.5,100.0,0.0

794.693,33.5,100.0,0.0
795.815,33.5,100.0,0.0
796.933,33.5,100.0,0.0
798.068,33.5,100.0,0.0
799.174,33.5,100.0,0.0
800.296,33.5,100.0,0.0
801.414,33.5,100.0,0.0
802.536,33.5,100.0,0.0

803.655,33.5,100.0,0.0
804.777,33.5,100.0,0.0
805.895,33.5,100.0,0.0
807.017,33.5,100.0,0.0
808.136,33.5,100.0,0.0
809.258,33.5,100.0,0.0
810.376,33.5,100.0,0.0
811.498,33.5,100.0,0.0
812.616,33.5,100.0,0.0

813.741,33.5,100.0,0.0
814.857,33.5,100.0,0.0
815.979,33.5,100.0,0.0
817.097,33.5,100.0,0.0
818.219,33.5,100.0,0.0
819.338,33.5,100.0,0.0
820.456,33.5,100.0,0.0
821.593,33.5,100.0,0.0

822.696,33.5,100.0,0.0
823.818,33.5,100.0,0.0
824.937,33.5,100.0,0.0
826.059,33.5,100.0,0.0
827.177,33.5,100.0,0.0
828.299,33.5,100.0,0.0
829.418,33.5,100.0,0.0
830.54,33.5,100.0,0.0
831.658,33.5,100.0,0.0

832.78,33.5,100.0,0.0
833.898,33.5,100.0,0.0
835.02,33.5,100.0,0.0
836.139,33.5,100.0,0.0
837.264,33.5,100.0,0.0
838.379,34.0,100.0,0.0
839.502,33.5,100.0,0.0
840.62,34.0,100.0,0.0

841.743,33.5,100.0,0.0
842.86,34.0,100.0,0.0
843.978,34.0,100.0,0.0
845.1,34.0,100.0,0.0
846.219,34.0,100.0,0.0
847.341,34.0,100.0,0.0
848.459,34.0,100.0,0.0
849.581,34.0,100.0,0.0

850.7,34.0,100.0,0.0
851.822,34.0,100.0,0.0
852.94,34.0,100.0,0.0
854.062,34.0,100.0,0.0
855.18,34.0,100.0,0.0
856.303,34.0,100.0,0.0
857.421,34.0,100.0,0.0
858.543,34.0,100.0,0.0
859.661,34.0,100.0,0.0

860.79,34.0,100.0,0.0
861.903,34.0,100.0,0.0
863.024,34.0,100.0,0.0
864.142,34.0,100.0,0.0
865.264,34.0,100.0,0.0
866.383,34.0,100.0,0.0
867.505,34.0,100.0,0.0
868.623,34.0,100.0,0.0

869.741,34.0,100.0,0.0
870.863,34.0,100.0,0.0
871.982,34.0,100.0,0.0
873.104,34.0,100.0,0.0
874.222,34.0,100.0,0.0
875.344,34.0,100.0,0.0
876.462,34.0,100.0,0.0
877.584,34.0,100.0,0.0
878.703,34.0,100.0,0.0

879.825,34.0,100.0,0.0
880.944,34.0,100.0,0.0
882.066,34.0,100.0,0.0
883.184,34.0,100.0,0.0
884.306,34.0,100.0,0.0
885.428,34.0,100.0,0.0
886.546,34.0,100.0,0.0
887.665,34.0,100.0,0.0

888.787,34.0,100.0,0.0
889.909,34.0,100.0,0.0
891.028,34.0,100.0,0.0
892.146,34.0,100.0,0.0
893.268,34.0,100.0,0.0
894.386,34.0,100.0,0.0
895.508,34.0,100.0,0.0
896.628,34.0,100.0,0.0

897.744,34.0,100.0,0.0
898.867,34.0,100.0,0.0
899.985,34.0,100.0,0.0
901.107,34.0,100.0,0.0
902.226,34.0,100.0,0.0
903.348,34.0,100.0,0.0
904.466,34.0,100.0,0.0
905.588,34.0,100.0,0.0
906.706,34.0,100.0,0.0

907.828,34.0,100.0,0.0
908.952,34.0,100.0,0.0
910.069,34.0,100.0,0.0
911.187,34.0,100.0,0.0
912.309,34.0,100.0,0.0
913.43,34.0,100.0,0.0
914.55,34.0,100.0,0.0
915.668,34.0,100.0,0.0

916.79,34.0,100.0,0.0
917.908,34.0,100.0,0.0
919.031,34.0,100.0,0.0
920.149,34.0,100.0,0.0
921.271,34.0,100.0,0.0
922.389,34.0,100.0,0.0
923.511,34.5,100.0,0.0
924.63,34.0,100.0,0.0
925.763,34.5,100.0,0.0

926.87,34.5,100.0,0.0
927.988,34.5,100.0,0.0
929.111,34.5,100.0,0.0
930.24,34.5,100.0,0.0
931.351,34.5,100.0,0.0
932.469,34.5,100.0,0.0
933.591,34.5,100.0,0.0
934.71,34.5,100.0,0.0

935.832,34.5,100.0,0.0
936.95,34.5,100.0,0.0
938.072,34.5,100.0,0.0
939.19,34.5,100.0,0.0
940.313,34.5,100.0,0.0
941.431,34.5,100.0,0.0
942.553,34.5,100.0,0.0
943.671,34.5,100.0,0.0
944.794,34.5,100.0,0.0

945.912,34.5,100.0,0.0
947.034,34.5,100.0,0.0
948.152,34.5,100.0,0.0
949.274,34.5,100.0,0.0
950.398,34.5,100.0,0.0
951.515,34.5,100.0,0.0
952.633,34.5,100.0,0.0
953.751,34.5,100.0,0.0

954.873,34.5,100.0,0.0
955.991,34.5,100.0,0.0
957.114,34.5,100.0,0.0
958.232,34.5,100.0,0.0
959.354,34.5,100.0,0.0
960.472,34.5,100.0,0.0
961.595,34.5,100.0,0.0
962.714,34.5,100.0,0.0
963.835,34.5,100.0,0.0

964.953,34.5,100.0,0.0
966.075,34.5,100.0,0.0
967.194,34.5,100.0,0.0
968.316,34.5,100.0,0.0
969.434,34.5,100.0,0.0
970.557,34.5,100.0,0.0
971.675,34.5,100.0,0.0
972.8,34.5,100.0,0.0

973.915,34.5,100.0,0.0
975.037,34.5,100.0,0.0
976.156,34.5,100.0,0.0
977.278,34.5,100.0,0.0
978.396,34.5,100.0,0.0
979.518,34.5,100.0,0.0
980.636,34.5,100.0,0.0
981.754,34.5,100.0,0.0

982.877,34.5,100.0,0.0
983.995,34.5,100.0,0.0
985.124,34.5,100.0,0.0
986.235,34.5,100.0,0.0
987.358,34.5,100.0,0.0
988.476,34.5,100.0,0.0
989.598,34.5,100.0,0.0
990.716,34.5,100.0,0.0
991.838,34.5,100.0,0.0

992.957,34.5,100.0,0.0
994.079,34.5,100.0,0.0
995.197,34.5,100.0,0.0
996.32,34.5,100.0,0.0
997.437,34.5,100.0,0.0
998.56,34.5,100.0,0.0
999.678,34.5,100.0,0.0
1000.8,34.5,100.0,0.0

1001.918,34.5,100.0,0.0
1003.041,34.5,100.0,0.0
1004.159,34.5,100.0,0.0
1005.281,34.5,100.0,0.0
1006.399,34.5,100.0,0.0
1007.522,34.5,100.0,0.0
1008.64,35.0,100.0,0.0
1009.763,35.0,100.0,0.0
1010.88,35.0,100.0,0.0

1011.998,35.0,100.0,0.0
1013.12,35.0,100.0,0.0
1014.239,35.0,100.0,0.0
1015.361,35.0,100.0,0.0
1016.479,35.0,100.0,0.0
1017.601,35.0,100.0,0.0
1018.719,35.0,100.0,0.0
1019.842,35.0,100.0,0.0

1020.961,35.0,100.0,0.0
1022.082,35.0,100.0,0.0
1023.207,35.0,100.0,0.0
1024.323,35.0,100.0,0.0
1025.442,35.0,100.0,0.0
1026.563,35.0,100.0,0.0
1027.681,35.0,100.0,0.0
1028.804,35.0,100.0,0.0

1029.922,35.0,100.0,0.0
1031.045,35.0,100.0,0.0
1032.164,35.0,100.0,0.0
1033.284,35.0,100.0,0.0
1034.402,35.0,100.0,0.0
1035.525,35.0,100.0,0.0
1036.643,35.0,100.0,0.0
1037.771,35.0,100.0,0.0
1038.883,35.0,100.0,0.0

1040.006,35.0,100.0,0.0
1041.124,35.0,100.0,0.0
1042.246,35.0,100.0,0.0
1043.364,35.0,100.0,0.0
1044.486,35.0,100.0,0.0
1045.605,35.0,100.0,0.0
1046.723,35.0,100.0,0.0
1047.845,35.0,100.0,0.0

1048.963,35.0,100.0,0.0
1050.085,35.0,100.0,0.0
1051.204,35.0,100.0,0.0
1052.328,35.0,100.0,0.0
1053.444,35.0,100.0,0.0
1054.566,35.0,100.0,0.0
1055.692,35.0,100.0,0.0
1056.807,35.0,100.0,0.0
1057.925,35.0,100.0,0.0

1059.047,35.0,100.0,0.0
1060.166,35.0,100.0,0.0
1061.288,35.0,100.0,0.0
1062.406,35.0,100.0,0.0
1063.528,35.0,100.0,0.0
1064.646,35.0,100.0,0.0
1065.769,35.0,100.0,0.0
1066.887,35.0,100.0,0.0

1068.009,35.0,100.0,0.0
1069.127,35.0,100.0,0.0
1070.249,35.0,100.0,0.0
1071.367,35.0,100.0,0.0
1072.49,35.0,100.0,0.0
1073.608,35.0,100.0,0.0
1074.73,35.0,100.0,0.0
1075.848,35.0,100.0,0.0
1076.971,35.0,100.0,0.0

1078.089,35.0,100.0,0.0
1079.211,35.0,100.0,0.0
1080.337,35.0,100.0,0.0
1081.452,35.0,100.0,0.0
1082.57,35.0,100.0,0.0
1083.692,35.0,100.0,0.0
1084.81,35.0,100.0,0.0
1085.932,35.0,100.0,0.0

1087.051,35.0,100.0,0.0
1088.173,35.0,100.0,0.0
1089.294,35.0,100.0,0.0
1090.413,35.0,100.0,0.0
1091.532,35.0,100.0,0.0
1092.654,35.0,100.0,0.0
1093.772,35.0,100.0,0.0
1094.89,35.0,100.0,0.0

1096.013,35.0,100.0,0.0
1097.131,35.5,100.0,0.0
1098.253,35.5,100.0,0.0
1099.371,35.5,100.0,0.0
1100.493,35.5,100.0,0.0
1101.611,35.0,100.0,0.0
1102.734,35.5,100.0,0.0
1103.852,35.5,100.0,0.0
1104.974,35.5,100.0,0.0

1106.092,35.5,100.0,0.0
1107.214,35.5,100.0,0.0
1108.333,35.5,100.0,0.0
1109.455,35.5,100.0,0.0
1110.573,35.5,100.0,0.0
1111.702,35.5,100.0,0.0
1112.814,35.5,100.0,0.0
1113.936,35.5,100.0,0.0

1115.054,35.5,100.0,0.0
1116.176,35.5,100.0,0.0
1117.294,35.5,100.0,0.0
1118.417,35.5,100.0,0.0
1119.535,35.5,100.0,0.0
1120.659,35.5,100.0,0.0
1121.775,35.5,100.0,0.0
1122.898,35.5,100.0,0.0
1124.016,35.5,100.0,0.0

1125.138,35.5,100.0,0.0
1126.256,35.5,100.0,0.0
1127.382,35.5,100.0,0.0
1128.497,35.5,100.0,0.0
1129.619,35.5,100.0,0.0
1130.737,35.5,100.0,0.0
1131.859,35.5,100.0,0.0
1132.977,35.5,100.0,0.0

1134.1,35.5,100.0,0.0
1135.218,35.5,100.0,0.0
1136.34,35.5,100.0,0.0
1137.46,35.5,100.0,0.0
1138.58,35.5,100.0,0.0
1139.699,35.5,100.0,0.0
1140.821,35.5,100.0,0.0
1141.939,35.5,100.0,0.0

1143.061,35.5,100.0,0.0
1144.179,35.5,100.0,0.0
1145.298,35.5,100.0,0.0
1146.42,35.5,100.0,0.0
1147.538,35.5,100.0,0.0
1148.661,35.5,100.0,0.0
1149.779,35.5,100.0,0.0
1150.901,35.5,100.0,0.0
1152.019,35.5,100.0,0.0

1153.141,35.5,100.0,0.0
1154.259,35.5,100.0,0.0
1155.382,35.5,100.0,0.0
1156.5,35.5,100.0,0.0
1157.622,35.5,100.0,0.0
1158.74,35.5,100.0,0.0
1159.862,35.5,100.0,0.0
1160.981,35.5,100.0,0.0

1162.103,35.5,100.0,0.0
1163.221,35.5,100.0,0.0
1164.343,35.5,100.0,0.0
1165.462,35.5,100.0,0.0
1166.584,35.5,100.0,0.0
1167.702,35.5,100.0,0.0
1168.825,35.5,100.0,0.0
1169.942,35.5,100.0,0.0
1171.065,35.5,100.0,0.0

1172.183,35.5,100.0,0.0
1173.305,35.5,100.0,0.0
1174.423,35.5,100.0,0.0
1175.545,35.5,100.0,0.0
1176.664,35.5,100.0,0.0
1177.786,35.5,100.0,0.0
1178.904,35.5,100.0,0.0
1180.027,35.5,100.0,0.0

1181.145,35.5,100.0,0.0
1182.267,35.5,100.0,0.0
1183.385,35.5,100.0,0.0
1184.507,35.5,100.0,0.0
1185.627,35.5,100.0,0.0
1186.748,35.5,100.0,0.0
1187.866,36.0,100.0,0.0
1188.988,36.0,100.0,0.0

1190.106,36.0,100.0,0.0
1191.229,36.0,100.0,0.0
1192.347,36.0,100.0,0.0
1193.469,36.0,100.0,0.0
1194.587,36.0,100.0,0.0
1195.705,36.0,100.0,0.0
1196.828,36.0,100.0,0.0
1197.946,36.0,100.0,0.0
1199.068,36.0,100.0,0.0

1200.186,36.0,100.0,0.0
1201.308,36.0,100.0,0.0
1202.429,36.0,100.0,0.0
1203.549,36.0,100.0,0.0
1204.667,36.0,100.0,0.0
1205.789,36.0,100.0,0.0
1206.908,36.0,100.0,0.0
1208.031,36.0,100.0,0.0

1209.148,36.0,100.0,0.0
1210.27,36.0,100.0,0.0
1211.389,36.0,100.0,0.0
1212.51,36.0,100.0,0.0
1213.629,36.0,100.0,0.0
1214.751,36.0,100.0,0.0
1215.869,36.0,100.0,0.0
1216.994,36.0,100.0,0.0
1218.109,36.0,100.0,0.0

1219.232,36.0,100.0,0.0
1220.35,36.0,100.0,0.0
1221.472,36.0,100.0,0.0
1222.594,36.0,100.0,0.0
1223.713,36.0,100.0,0.0
1224.831,36.0,100.0,0.0
1225.953,36.0,100.0,0.0
1227.071,36.0,100.0,0.0

1228.194,36.0,100.0,0.0
1229.312,36.0,100.0,0.0
1230.434,36.0,100.0,0.0
1231.553,36.0,100.0,0.0
1232.674,36.0,100.0,0.0
1233.792,36.0,100.0,0.0
1234.915,36.0,100.0,0.0
1236.033,36.0,100.0,0.0
1237.162,36.0,100.0,0.0

1238.273,36.0,100.0,0.0
1239.395,36.0,100.0,0.0
1240.514,36.0,100.0,0.0
1241.636,36.0,100.0,0.0
1242.754,36.0,100.0,0.0
1243.876,36.0,100.0,0.0
1244.994,36.0,100.0,0.0
1246.117,36.0,100.0,0.0

1247.236,36.0,100.0,0.0
1248.353,36.0,100.0,0.0
1249.476,36.0,100.0,0.0
1250.598,36.0,100.0,0.0
1251.716,36.0,100.0,0.0
1252.834,36.0,100.0,0.0
1253.962,36.0,100.0,0.0
1255.074,36.0,100.0,0.0

1256.196,36.0,100.0,0.0
1257.314,36.0,100.0,0.0
1258.437,36.0,100.0,0.0
1259.555,36.0,100.0,0.0
1260.677,36.0,100.0,0.0
1261.795,36.0,100.0,0.0
1262.917,36.0,100.0,0.0
1264.036,36.0,100.0,0.0
1265.16,36.0,100.0,0.0

1266.28,36.0,100.0,0.0
1267.398,36.0,100.0,0.0
1268.516,36.0,100.0,0.0
1269.639,36.0,100.0,0.0
1270.764,36.5,100.0,0.0
1271.879,36.0,100.0,0.0
1272.997,36.5,100.0,0.0
1274.119,36.0,100.0,0.0

1275.237,36.5,100.0,0.0
1276.368,36.5,100.0,0.0
1277.478,36.5,100.0,0.0
1278.6,36.5,100.0,0.0
1279.718,36.5,100.0,0.0
1280.841,36.5,100.0,0.0
1281.959,36.5,100.0,0.0
1283.081,36.5,100.0,0.0
1284.199,36.5,100.0,0.0

1285.322,36.5,100.0,0.0
1286.44,36.5,100.0,0.0
1287.562,36.5,100.0,0.0
1288.68,36.5,100.0,0.0
1289.802,36.5,100.0,0.0
1290.924,36.5,100.0,0.0
1292.043,36.5,100.0,0.0
1293.161,36.5,100.0,0.0

1294.283,36.5,100.0,0.0
1295.401,36.5,100.0,0.0
1296.526,36.5,100.0,0.0
1297.642,36.5,100.0,0.0
1298.764,36.5,100.0,0.0
1299.884,36.5,100.0,0.0
1301.004,36.5,100.0,0.0
1302.126,36.5,100.0,0.0
1303.245,36.5,100.0,0.0

1304.363,36.5,100.0,0.0
1305.481,36.5,100.0,0.0
1306.603,36.5,100.0,0.0
1307.721,36.5,100.0,0.0
1308.844,36.5,100.0,0.0
1309.963,36.5,100.0,0.0
1311.084,36.5,100.0,0.0
1312.202,36.5,100.0,0.0

1313.324,36.5,100.0,0.0
1314.443,36.5,100.0,0.0
1315.565,36.5,100.0,0.0
1316.683,36.5,100.0,0.0
1317.805,36.5,100.0,0.0
1318.926,36.5,100.0,0.0
1320.045,36.5,100.0,0.0
1321.164,36.5,100.0,0.0

1322.286,36.5,100.0,0.0
1323.404,36.5,100.0,0.0
1324.527,36.5,100.0,0.0
1325.645,36.5,100.0,0.0
1326.767,36.5,100.0,0.0
1327.885,36.5,100.0,0.0
1329.007,36.5,100.0,0.0
1330.125,36.5,100.0,0.0
1331.248,36.5,100.0,0.0

1332.366,36.5,100.0,0.0
1333.494,36.5,100.0,0.0
1334.606,36.5,100.0,0.0
1335.728,36.5,100.0,0.0
1336.847,36.5,100.0,0.0
1337.969,36.5,100.0,0.0
1339.087,36.5,100.0,0.0
1340.209,36.5,100.0,0.0

1341.327,36.5,100.0,0.0
1342.45,36.5,100.0,0.0
1343.568,36.5,100.0,0.0
1344.69,36.5,100.0,0.0
1345.808,36.5,100.0,0.0
1346.931,36.5,100.0,0.0
1348.048,36.5,100.0,0.0
1349.171,36.5,100.0,0.0
1350.294,36.5,100.0,0.0

1351.411,36.5,100.0,0.0
1352.53,36.5,100.0,0.0
1353.652,36.5,100.0,0.0
1354.77,36.5,100.0,0.0
1355.892,36.5,100.0,0.0
1357.01,36.5,100.0,0.0
1358.128,36.5,100.0,0.0
1359.251,36.5,100.0,0.0

1360.369,37.0,100.0,0.0
1361.491,37.0,100.0,0.0
1362.609,36.5,100.0,0.0
1363.732,37.0,100.0,0.0
1364.849,37.0,100.0,0.0
1365.972,37.0,100.0,0.0
1367.094,36.5,100.0,0.0
1368.212,37.0,100.0,0.0

1369.33,37.0,100.0,0.0
1370.453,37.0,100.0,0.0
1371.571,37.0,100.0,0.0
1372.693,37.0,100.0,0.0
1373.812,37.0,100.0,0.0
1374.933,37.0,100.0,0.0
1376.052,37.0,100.0,0.0
1377.174,37.0,100.0,0.0
1378.292,37.0,100.0,0.0

1379.414,37.0,100.0,0.0
1380.532,37.0,100.0,0.0
1381.655,37.0,100.0,0.0
1382.773,37.0,100.0,0.0
1383.895,37.0,100.0,0.0
1385.013,37.0,100.0,0.0
1386.135,37.0,100.0,0.0
1387.254,37.0,100.0,0.0

1388.376,37.0,100.0,0.0
1389.494,37.0,100.0,0.0
1390.616,37.0,100.0,0.0
1391.735,37.0,100.0,0.0
1392.859,37.0,100.0,0.0
1393.98,37.0,100.0,0.0
1395.097,37.0,100.0,0.0
1396.215,37.0,100.0,0.0
1397.338,37.0,100.0,0.0

1398.457,37.0,100.0,0.0
1399.578,37.0,100.0,0.0
1400.699,37.0,100.0,0.0
1401.818,37.0,100.0,0.0
1402.936,37.0,100.0,0.0
1404.059,37.0,100.0,0.0
1405.177,37.0,100.0,0.0
1406.304,37.0,100.0,0.0

1407.417,37.0,100.0,0.0
1408.539,37.0,100.0,0.0
1409.658,37.0,100.0,0.0
1410.78,37.0,100.0,0.0
1411.898,37.0,100.0,0.0
1413.016,37.0,100.0,0.0
1414.138,37.0,100.0,0.0
1415.259,37.0,100.0,0.0
1416.38,37.0,100.0,0.0

1417.497,37.0,100.0,0.0
1418.619,37.0,100.0,0.0
1419.737,37.0,100.0,0.0
1420.86,37.0,100.0,0.0
1421.978,37.0,100.0,0.0
1423.101,37.0,100.0,0.0
1424.218,37.0,100.0,0.0
1425.34,37.0,100.0,0.0

1426.459,37.0,100.0,0.0
1427.581,37.0,100.0,0.0
1428.7,37.0,100.0,0.0
1429.825,37.0,100.0,0.0
1430.939,37.0,100.0,0.0
1432.062,37.0,100.0,0.0
1433.18,37.0,100.0,0.0
1434.302,37.0,100.0,0.0

1435.42,37.0,100.0,0.0
1436.543,37.0,100.0,0.0
1437.661,37.0,100.0,0.0
1438.783,37.0,100.0,0.0
1439.901,37.0,100.0,0.0
1441.023,37.0,100.0,0.0
1442.141,37.0,100.0,0.0
1443.264,37.0,100.0,0.0
1444.382,37.0,100.0,0.0

1445.505,37.0,100.0,0.0
1446.624,37.5,100.0,0.0
1447.745,37.5,100.0,0.0
1448.863,37.5,100.0,0.0
1449.985,37.5,100.0,0.0
1451.103,37.5,100.0,0.0
1452.225,37.5,100.0,0.0
1453.344,37.5,100.0,0.0

1454.466,37.5,100.0,0.0
1455.584,37.5,100.0,0.0
1456.706,37.5,100.0,0.0
1457.824,37.5,100.0,0.0
1458.947,37.5,100.0,0.0
1460.065,37.5,100.0,0.0
1461.187,37.5,100.0,0.0
1462.305,37.5,100.0,0.0
1463.427,37.5,100.0,0.0

1464.546,37.5,100.0,0.0
1465.668,37.5,100.0,0.0
1466.791,37.5,100.0,0.0
1467.908,37.5,100.0,0.0
1469.026,37.5,100.0,0.0
1470.144,37.5,100.0,0.0
1471.267,37.5,100.0,0.0
1472.385,37.5,100.0,0.0

1473.507,37.5,100.0,0.0
1474.626,37.5,100.0,0.0
1475.753,37.5,100.0,0.0
1476.866,37.5,100.0,0.0
1477.991,37.5,100.0,0.0
1479.113,37.5,100.0,0.0
1480.228,37.5,100.0,0.0
1481.347,37.5,100.0,0.0
1482.469,37.5,100.0,0.0

1483.587,37.5,100.0,0.0
1484.709,37.5,100.0,0.0
1485.829,37.5,100.0,0.0
1486.95,37.5,100.0,0.0
1488.068,37.5,100.0,0.0
1489.19,37.5,100.0,0.0
1490.308,37.5,100.0,0.0
1491.43,37.5,100.0,0.0

1492.549,37.5,100.0,0.0
1493.671,37.5,100.0,0.0
1494.789,37.5,100.0,0.0
1495.911,37.5,100.0,0.0
1497.029,37.5,100.0,0.0
1498.152,37.5,100.0,0.0
1499.27,37.5,100.0,0.0
1500.4,37.5,100.0,0.0
1501.51,37.5,100.0,0.0

1502.633,37.5,100.0,0.0
1503.751,37.5,100.0,0.0
1504.873,37.5,100.0,0.0
1505.991,37.5,100.0,0.0
1507.113,37.5,100.0,0.0
1508.232,37.5,100.0,0.0
1509.354,37.5,100.0,0.0
1510.472,37.5,100.0,0.0

1511.594,37.5,100.0,0.0
1512.712,37.5,100.0,0.0
1513.834,37.5,100.0,0.0
1514.953,37.5,100.0,0.0
1516.075,37.5,100.0,0.0
1517.193,37.5,100.0,0.0
1518.315,37.5,100.0,0.0
1519.434,37.5,100.0,0.0

1520.556,37.5,100.0,0.0
1521.679,37.5,100.0,0.0
1522.796,37.5,100.0,0.0
1523.915,37.5,100.0,0.0
1525.037,37.5,100.0,0.0
1526.161,37.5,100.0,0.0
1527.273,37.5,100.0,0.0
1528.395,37.5,100.0,0.0
1529.513,37.5,100.0,0.0

1530.636,37.5,100.0,0.0
1531.754,37.5,100.0,0.0
1532.876,37.5,100.0,0.0
1533.994,37.5,100.0,0.0
1535.116,37.5,100.0,0.0
1536.235,37.5,100.0,0.0
1537.357,37.5,100.0,0.0
1538.475,37.5,100.0,0.0

1539.597,37.5,100.0,0.0
1540.715,38.0,100.0,0.0
1541.838,37.5,100.0,0.0
1542.956,38.0,100.0,0.0
1544.078,38.0,100.0,0.0
1545.196,38.0,100.0,0.0
1546.318,38.0,100.0,0.0
1547.437,37.5,100.0,0.0
1548.559,38.0,100.0,0.0

1549.677,38.0,100.0,0.0
1550.799,38.0,100.0,0.0
1551.918,38.0,100.0,0.0
1553.04,38.0,100.0,0.0
1554.158,38.0,100.0,0.0
1555.28,38.0,100.0,0.0
1556.398,38.0,100.0,0.0
1557.521,38.0,100.0,0.0

1558.638,38.0,100.0,0.0
1559.763,38.0,100.0,0.0
1560.879,38.0,100.0,0.0
1562.001,38.0,100.0,0.0
1563.123,38.0,100.0,0.0
1564.242,38.0,100.0,0.0
1565.36,38.0,100.0,0.0
1566.482,38.0,100.0,0.0

1567.6,38.0,100.0,0.0
1568.723,38.0,100.0,0.0
1569.841,38.0,100.0,0.0
1570.963,38.0,100.0,0.0
1572.081,38.0,100.0,0.0
1573.203,38.0,100.0,0.0
1574.323,38.0,100.0,0.0
1575.444,38.0,100.0,0.0
1576.562,38.0,100.0,0.0

1577.684,38.0,100.0,0.0
1578.802,38.0,100.0,0.0
1579.925,38.0,100.0,0.0
1581.043,38.0,100.0,0.0
1582.165,38.0,100.0,0.0
1583.283,38.0,100.0,0.0
1584.401,38.0,100.0,0.0
1585.524,38.0,100.0,0.0

1586.642,38.0,100.0,0.0
1587.764,38.0,100.0,0.0
1588.882,38.0,100.0,0.0
1590.004,38.0,100.0,0.0
1591.123,38.0,100.0,0.0
1592.245,38.0,100.0,0.0
1593.363,38.0,100.0,0.0
1594.485,38.0,100.0,0.0
1595.603,38.0,100.0,0.0

1596.726,38.0,100.0,0.0
1597.844,38.0,100.0,0.0
1598.966,38.0,100.0,0.0
1600.084,38.0,100.0,0.0
1601.207,38.0,100.0,0.0
1602.324,38.0,100.0,0.0
1603.449,38.0,100.0,0.0
1604.565,38.0,100.0,0.0

1605.694,38.0,100.0,0.0
1606.805,38.0,100.0,0.0
1607.928,38.0,100.0,0.0
1609.046,38.0,100.0,0.0
1610.168,38.0,100.0,0.0
1611.286,38.0,100.0,0.0
1612.408,38.0,100.0,0.0
1613.527,38.0,100.0,0.0
1614.65,38.0,100.0,0.0

1615.767,38.0,100.0,0.0
1616.889,38.0,100.0,0.0
1618.008,38.0,100.0,0.0
1619.13,38.0,100.0,0.0
1620.248,38.0,100.0,0.0
1621.37,38.0,100.0,0.0
1622.49,38.0,100.0,0.0
1623.616,38.0,100.0,0.0

1624.729,38.0,100.0,0.0
1625.851,38.0,100.0,0.0
1626.969,38.5,100.0,0.0
1628.092,38.5,100.0,0.0
1629.21,38.0,100.0,0.0
1630.332,38.5,100.0,0.0
1631.451,38.5,100.0,0.0
1632.572,38.5,100.0,0.0

1633.699,38.5,100.0,0.0
1634.813,38.5,100.0,0.0
1635.931,38.5,100.0,0.0
1637.055,38.5,100.0,0.0
1638.171,38.5,100.0,0.0
1639.293,38.5,100.0,0.0
1640.412,38.5,100.0,0.0
1641.53,38.5,100.0,0.0
1642.652,38.5,100.0,0.0

1643.77,38.5,100.0,0.0
1644.895,38.5,100.0,0.0
1646.011,38.5,100.0,0.0
1647.133,38.5,100.0,0.0
1648.251,38.5,100.0,0.0
1649.373,38.5,100.0,0.0
1650.492,38.5,100.0,0.0
1651.614,38.5,100.0,0.0

1652.734,38.5,100.0,0.0
1653.854,38.5,100.0,0.0
1654.972,38.5,100.0,0.0
1656.095,38.5,100.0,0.0
1657.216,38.5,100.0,0.0
1658.335,38.5,100.0,0.0
1659.453,38.5,100.0,0.0
1660.575,38.5,100.0,0.0
1661.694,38.5,100.0,0.0

1662.816,38.5,100.0,0.0
1663.934,38.5,100.0,0.0
1665.056,38.5,100.0,0.0
1666.174,38.5,100.0,0.0
1667.297,38.5,100.0,0.0
1668.415,38.5,100.0,0.0
1669.537,38.5,100.0,0.0
1670.656,38.5,100.0,0.0

1671.777,38.5,100.0,0.0
1672.896,38.5,100.0,0.0
1674.018,38.5,100.0,0.0
1675.136,38.5,100.0,0.0
1676.259,38.5,100.0,0.0
1677.376,38.5,100.0,0.0
1678.499,38.5,100.0,0.0
1679.617,38.5,100.0,0.0

1680.739,38.5,100.0,0.0
1681.857,38.5,100.0,0.0
1682.98,38.5,100.0,0.0
1684.098,38.5,100.0,0.0
1685.22,38.5,100.0,0.0
1686.338,38.5,100.0,0.0
1687.46,38.5,100.0,0.0
1688.579,38.5,100.0,0.0
1689.704,38.5,100.0,0.0

1690.821,38.5,100.0,0.0
1691.941,38.5,100.0,0.0
1693.059,38.5,100.0,0.0
1694.182,38.5,100.0,0.0
1695.3,38.5,100.0,0.0
1696.418,38.5,100.0,0.0
1697.54,38.5,100.0,0.0
1698.658,38.5,100.0,0.0

1699.781,38.5,100.0,0.0
1700.899,38.5,100.0,0.0
1702.021,38.5,100.0,0.0
1703.139,38.5,100.0,0.0
1704.261,38.5,100.0,0.0
1705.38,38.5,100.0,0.0
1706.502,38.5,100.0,0.0
1707.62,38.5,100.0,0.0
1708.742,38.5,100.0,0.0

1709.861,38.5,100.0,0.0
1710.983,38.5,100.0,0.0
1712.101,38.5,100.0,0.0
1713.223,38.5,100.0,0.0
1714.341,38.5,100.0,0.0
1715.468,38.5,100.0,0.0
1716.582,38.5,100.0,0.0
1717.705,38.5,100.0,0.0

1718.824,38.5,100.0,0.0
1719.944,39.0,100.0,0.0
1721.063,39.0,100.0,0.0
1722.185,39.0,100.0,0.0
1723.303,39.0,100.0,0.0
1724.425,39.0,100.0,0.0
1725.543,39.0,100.0,0.0
1726.666,39.0,100.0,0.0
1727.797,39.0,100.0,0.0

1728.906,39.0,100.0,0.0
1730.026,39.0,100.0,0.0
1731.146,39.0,100.0,0.0
1732.265,39.0,100.0,0.0
1733.387,39.0,100.0,0.0
1734.505,39.0,100.0,0.0
1735.627,39.0,100.0,0.0
1736.745,39.0,100.0,0.0

1737.868,39.0,100.0,0.0
1738.986,39.0,100.0,0.0
1740.108,39.0,100.0,0.0
1741.226,39.0,100.0,0.0
1742.348,39.0,100.0,0.0
1743.467,39.0,100.0,0.0
1744.59,39.0,100.0,0.0
1745.707,39.0,100.0,0.0

1746.829,39.0,100.0,0.0
1747.947,39.0,100.0,0.0
1749.07,39.0,100.0,0.0
1750.193,39.0,100.0,0.0
1751.31,39.0,100.0,0.0
1752.428,39.0,100.0,0.0
1753.547,39.0,100.0,0.0
1754.669,39.0,100.0,0.0
1755.787,39.0,100.0,0.0

1756.909,39.0,100.0,0.0
1758.027,39.0,100.0,0.0
1759.149,39.0,100.0,0.0
1760.268,39.0,100.0,0.0
1761.39,39.0,100.0,0.0
1762.508,39.0,100.0,0.0
1763.63,39.0,100.0,0.0
1764.749,39.0,100.0,0.0

1765.871,39.0,100.0,0.0
1766.989,39.0,100.0,0.0
1768.117,39.0,100.0,0.0
1769.229,39.0,100.0,0.0
1770.354,39.0,100.0,0.0
1771.47,39.0,100.0,0.0
1772.592,39.0,100.0,0.0
1773.71,39.0,100.0,0.0
1774.833,39.0,100.0,0.0

1775.954,39.0,100.0,0.0
1777.073,39.0,100.0,0.0
1778.191,39.0,100.0,0.0
1779.321,39.0,100.0,0.0
1780.432,39.0,100.0,0.0
1781.555,39.0,100.0,0.0
1782.672,39.0,100.0,0.0
1783.795,39.0,100.0,0.0

1784.912,39.0,100.0,0.0
1786.035,39.0,100.0,0.0
1787.153,39.0,100.0,0.0
1788.275,39.0,100.0,0.0
1789.393,39.0,100.0,0.0
1790.515,39.0,100.0,0.0
1791.634,39.0,100.0,0.0
1792.756,39.0,100.0,0.0
1793.874,39.0,100.0,0.0

1794.996,39.0,100.0,0.0
1796.114,39.0,100.0,0.0
1797.236,39.0,100.0,0.0
1798.359,39.0,100.0,0.0
1799.477,39.0,100.0,0.0
1800.595,39.0,100.0,0.0
1801.719,39.0,100.0,0.0
1802.836,39.0,100.0,0.0

1803.959,39.0,100.0,0.0
1805.076,39.0,100.0,0.0
1806.198,39.0,100.0,0.0
1807.317,39.5,100.0,0.0
1808.439,39.5,100.0,0.0
1809.557,39.5,100.0,0.0
1810.679,39.5,100.0,0.0
1811.797,39.5,100.0,0.0

1812.915,39.5,100.0,0.0
1814.038,39.5,100.0,0.0
1815.156,39.5,100.0,0.0
1816.278,39.5,100.0,0.0
1817.396,39.5,100.0,0.0
1818.519,39.5,100.0,0.0
1819.637,39.5,100.0,0.0
1820.759,39.5,100.0,0.0
1821.877,39.5,100.0,0.0

1822.999,39.5,100.0,0.0
1824.123,39.5,100.0,0.0
1825.24,39.5,100.0,0.0
1826.358,39.5,100.0,0.0
1827.48,39.5,100.0,0.0
1828.598,39.5,100.0,0.0
1829.727,39.5,100.0,0.0
1830.839,39.5,100.0,0.0

1831.961,39.5,100.0,0.0
1833.079,39.5,100.0,0.0
1834.201,39.5,100.0,0.0
1835.32,39.5,100.0,0.0
1836.442,39.5,100.0,0.0
1837.56,39.5,100.0,0.0
1838.688,39.5,100.0,0.0
1839.801,39.5,100.0,0.0
1840.923,39.5,100.0,0.0

1842.041,39.5,100.0,0.0
1843.163,39.5,100.0,0.0
1844.281,39.5,100.0,0.0
1845.404,39.5,100.0,0.0
1846.522,39.5,100.0,0.0
1847.644,39.5,100.0,0.0
1848.762,39.5,100.0,0.0
1849.889,39.5,100.0,0.0

1851.003,39.5,100.0,0.0
1852.125,39.5,100.0,0.0
1853.243,39.5,100.0,0.0
1854.367,39.5,100.0,0.0
1855.487,39.5,100.0,0.0
1856.606,39.5,100.0,0.0
1857.724,39.5,100.0,0.0
1858.847,39.5,100.0,0.0

1859.964,39.5,100.0,0.0
1861.088,39.5,100.0,0.0
1862.205,39.5,100.0,0.0
1863.327,39.5,100.0,0.0
1864.445,39.5,100.0,0.0
1865.567,39.5,100.0,0.0
1866.688,39.5,100.0,0.0
1867.808,39.5,100.0,0.0
1868.926,39.5,100.0,0.0

1870.049,39.5,100.0,0.0
1871.166,39.5,100.0,0.0
1872.299,39.5,100.0,0.0
1873.407,39.5,100.0,0.0
1874.525,39.5,100.0,0.0
1875.647,39.5,100.0,0.0
1876.765,39.5,100.0,0.0
1877.888,39.5,100.0,0.0

1879.006,39.5,100.0,0.0
1880.128,39.5,100.0,0.0
1881.246,39.5,100.0,0.0
1882.369,39.5,100.0,0.0
1883.487,39.5,100.0,0.0
1884.609,39.5,100.0,0.0
1885.727,39.5,100.0,0.0
1886.849,39.5,100.0,0.0
1887.967,39.5,100.0,0.0

1889.09,39.5,100.0,0.0
1890.208,39.5,100.0,0.0
1891.33,39.5,100.0,0.0
1892.449,39.5,100.0,0.0
1893.57,39.5,100.0,0.0
1894.689,39.5,100.0,0.0
1895.811,40.0,100.0,0.0
1896.929,40.0,100.0,0.0

1898.052,40.0,100.0,0.0
1899.169,40.0,100.0,0.0
1900.292,40.0,100.0,0.0
1901.41,40.0,100.0,0.0
1902.532,40.0,100.0,0.0
1903.657,40.0,100.0,0.0
1904.773,40.0,100.0,0.0
1905.891,40.0,100.0,0.0

1907.013,40.0,100.0,0.0
1908.131,40.0,100.0,0.0
1909.253,40.0,100.0,0.0
1910.372,40.0,100.0,0.0
1911.494,40.0,100.0,0.0
1912.612,40.0,100.0,0.0
1913.734,40.0,100.0,0.0
1914.853,40.0,100.0,0.0
1915.975,40.0,100.0,0.0

1917.093,40.0,100.0,0.0
1918.215,40.0,100.0,0.0
1919.333,40.0,100.0,0.0
1920.456,40.0,100.0,0.0
1921.574,40.0,100.0,0.0
1922.696,40.0,100.0,0.0
1923.815,40.0,100.0,0.0
1924.937,40.0,100.0,0.0

1926.055,40.0,100.0,0.0
1927.177,40.0,100.0,0.0
1928.295,40.0,100.0,0.0
1929.413,40.0,100.0,0.0
1930.535,40.0,100.0,0.0
1931.654,40.0,100.0,0.0
1932.776,40.0,100.0,0.0
1933.894,40.0,100.0,0.0
1935.021,40.0,100.0,0.0

1936.134,40.0,100.0,0.0
1937.257,40.0,100.0,0.0
1938.375,40.0,100.0,0.0
1939.497,40.0,100.0,0.0
1940.615,40.0,100.0,0.0
1941.737,40.0,100.0,0.0
1942.855,40.0,100.0,0.0
1943.978,40.0,100.0,0.0

1945.096,40.0,100.0,0.0
1946.221,40.0,100.0,0.0
1947.337,40.0,100.0,0.0
1948.459,40.0,100.0,0.0
1949.577,40.0,100.0,0.0
1950.7,40.0,100.0,0.0
1951.82,40.0,100.0,0.0
1952.941,40.0,100.0,0.0
1954.059,40.0,100.0,0.0

1955.18,40.0,100.0,0.0
1956.299,40.0,100.0,0.0
1957.421,40.0,100.0,0.0
1958.541,40.0,100.0,0.0
1959.661,40.0,100.0,0.0
1960.781,40.0,100.0,0.0
1961.902,40.0,100.0,0.0
1963.019,40.0,100.0,0.0

1964.143,40.0,100.0,0.0
1965.26,40.0,100.0,0.0
1966.382,40.0,100.0,0.0
1967.501,40.0,100.0,0.0
1968.622,40.0,100.0,0.0
1969.741,40.0,100.0,0.0
1970.863,40.0,100.0,0.0
1971.981,40.0,100.0,0.0

1973.103,40.0,100.0,0.0
1974.222,40.0,100.0,0.0
1975.344,40.0,100.0,0.0
1976.462,40.0,100.0,0.0
1977.584,40.0,100.0,0.0
1978.703,40.0,100.0,0.0
1979.825,40.0,100.0,0.0
1980.943,40.0,100.0,0.0
1982.065,40.0,100.0,0.0

1983.185,40.0,100.0,0.0
1984.305,40.0,100.0,0.0
1985.424,40.0,100.0,0.0
1986.546,40.0,100.0,0.0
1987.664,40.0,100.0,0.0
1988.786,40.5,100.0,0.0
1989.904,40.5,100.0,0.0
1991.023,40.5,100.0,0.0

1992.145,40.5,100.0,0.0
1993.265,40.5,100.0,0.0
1994.387,40.5,100.0,0.0
1995.504,40.5,100.0,0.0
1996.626,40.5,100.0,0.0
1997.744,40.5,100.0,0.0
1998.866,40.5,100.0,0.0
1999.984,40.5,100.0,0.0
2001.108,40.5,100.0,0.0

2002.225,40.5,100.0,0.0
2003.347,40.5,100.0,0.0
2004.465,40.5,100.0,0.0
2005.587,40.5,100.0,0.0
2006.706,40.5,100.0,0.0
2007.828,40.5,100.0,0.0
2008.946,40.5,100.0,0.0
2010.068,40.5,100.0,0.0

2011.186,40.5,100.0,0.0
2012.309,40.5,100.0,0.0
2013.427,40.5,100.0,0.0
2014.55,40.5,100.0,0.0
2015.667,40.5,100.0,0.0
2016.79,40.5,100.0,0.0
2017.908,40.5,100.0,0.0
2019.03,40.5,100.0,0.0
2020.148,40.5,100.0,0.0

2021.27,40.5,100.0,0.0
2022.389,40.5,100.0,0.0
2023.511,40.5,100.0,0.0
2024.633,40.5,100.0,0.0
2025.752,40.5,100.0,0.0
2026.87,40.5,100.0,0.0
2027.992,40.5,100.0,0.0
2029.11,40.5,100.0,0.0

2030.232,40.5,100.0,0.0
2031.351,40.5,100.0,0.0
2032.472,40.5,100.0,0.0
2033.591,40.5,100.0,0.0
2034.713,40.5,100.0,0.0
2035.831,40.5,100.0,0.0
2036.953,40.5,100.0,0.0
2038.071,40.5,100.0,0.0

2039.194,40.5,100.0,0.0
2040.312,40.5,100.0,0.0
2041.434,40.5,100.0,0.0
2042.552,40.5,100.0,0.0
2043.677,40.5,100.0,0.0
2044.793,40.5,100.0,0.0
2045.916,40.5,100.0,0.0
2047.033,40.5,100.0,0.0
2048.151,40.5,100.0,0.0

2049.274,40.5,100.0,0.0
2050.392,40.5,100.0,0.0
2051.514,40.5,100.0,0.0
2052.633,40.5,100.0,0.0
2053.754,40.5,100.0,0.0
2054.872,40.5,100.0,0.0
2055.995,40.5,100.0,0.0
2057.113,40.5,100.0,0.0

2058.235,40.5,100.0,0.0
2059.353,40.5,100.0,0.0
2060.477,40.5,100.0,0.0
2061.594,40.5,100.0,0.0
2062.717,40.5,100.0,0.0
2063.834,40.5,100.0,0.0
2064.957,40.5,100.0,0.0
2066.075,40.5,100.0,0.0
2067.199,40.5,100.0,0.0

2068.315,40.5,100.0,0.0
2069.437,40.5,100.0,0.0
2070.556,40.5,100.0,0.0
2071.678,41.0,100.0,0.0
2072.796,40.5,100.0,0.0
2073.922,40.5,100.0,0.0
2075.036,41.0,100.0,0.0
2076.159,41.0,100.0,0.0

2077.277,41.0,100.0,0.0
2078.399,41.0,100.0,0.0
2079.517,41.0,100.0,0.0
2080.64,41.0,100.0,0.0
2081.758,41.0,100.0,0.0
2082.88,41.0,100.0,0.0
2083.998,41.0,100.0,0.0
2085.12,41.0,100.0,0.0

2086.239,41.0,100.0,0.0
2087.361,41.0,100.0,0.0
2088.479,41.0,100.0,0.0
2089.601,41.0,100.0,0.0
2090.722,41.0,100.0,0.0
2091.842,41.0,100.0,0.0
2092.96,41.0,100.0,0.0
2094.082,41.0,100.0,0.0
2095.2,41.0,100.0,0.0

2096.323,41.0,100.0,0.0
2097.44,41.0,100.0,0.0
2098.559,41.0,100.0,0.0
2099.686,41.0,100.0,0.0
2100.799,41.0,100.0,0.0
2101.922,41.0,100.0,0.0
2103.04,41.0,100.0,0.0
2104.162,41.0,100.0,0.0

2105.28,41.0,100.0,0.0
2106.402,41.0,100.0,0.0
2107.521,41.0,100.0,0.0
2108.643,41.0,100.0,0.0
2109.761,41.0,100.0,0.0
2110.885,41.0,100.0,0.0
2112.001,41.0,100.0,0.0
2113.124,41.0,100.0,0.0
2114.242,41.0,100.0,0.0

2115.364,41.0,100.0,0.0
2116.484,41.0,100.0,0.0
2117.604,41.0,100.0,0.0
2118.723,41.0,100.0,0.0
2119.845,41.0,100.0,0.0
2120.963,41.0,100.0,0.0
2122.085,41.0,100.0,0.0
2123.203,41.0,100.0,0.0

2124.326,41.0,100.0,0.0
2125.444,41.0,100.0,0.0
2126.566,41.0,100.0,0.0
2127.684,41.0,100.0,0.0
2128.807,41.0,100.0,0.0
2129.925,41.0,100.0,0.0
2131.051,41.0,100.0,0.0
2132.165,41.0,100.0,0.0

2133.287,41.0,100.0,0.0
2134.406,41.0,100.0,0.0
2135.528,41.0,100.0,0.0
2136.646,41.0,100.0,0.0
2137.769,41.0,100.0,0.0
2138.886,41.0,100.0,0.0
2140.009,41.0,100.0,0.0
2141.127,41.0,100.0,0.0
2142.249,41.0,100.0,0.0

2143.367,41.0,100.0,0.0
2144.49,41.0,100.0,0.0
2145.608,41.0,100.0,0.0
2146.73,41.0,100.0,0.0
2147.851,41.0,100.0,0.0
2148.97,41.0,100.0,0.0
2150.089,41.0,100.0,0.0
2151.207,41.0,100.0,0.0

2152.329,41.0,100.0,0.0
2153.447,41.0,100.0,0.0
2154.569,41.0,100.0,0.0
2155.688,41.0,100.0,0.0
2156.81,41.0,100.0,0.0
2157.928,41.0,100.0,0.0
2159.051,41.0,100.0,0.0
2160.168,41.0,100.0,0.0
2161.292,41.0,100.0,0.0

2162.409,41.0,100.0,0.0
2163.531,41.0,100.0,0.0
2164.656,41.0,100.0,0.0
2165.772,41.0,100.0,0.0
2166.89,41.0,100.0,0.0
2168.012,41.0,100.0,0.0
2169.13,41.0,100.0,0.0
2170.252,41.5,100.0,0.0

2171.371,41.5,100.0,0.0
2172.493,41.5,100.0,0.0
2173.611,41.0,100.0,0.0
2174.733,41.5,100.0,0.0
2175.851,41.5,100.0,0.0
2176.974,41.5,100.0,0.0
2178.092,41.5,100.0,0.0
2179.223,41.5,100.0,0.0
2180.332,41.5,100.0,0.0

2181.455,41.5,100.0,0.0
2182.573,41.5,100.0,0.0
2183.695,41.5,100.0,0.0
2184.813,41.5,100.0,0.0
2185.935,41.5,100.0,0.0
2187.053,41.5,100.0,0.0
2188.176,41.5,100.0,0.0
2189.294,41.5,100.0,0.0

2190.416,41.5,100.0,0.0
2191.534,41.5,100.0,0.0
2192.657,41.5,100.0,0.0
2193.775,41.5,100.0,0.0
2194.897,41.5,100.0,0.0
2196.017,41.5,100.0,0.0
2197.137,41.5,100.0,0.0
2198.256,41.5,100.0,0.0

2199.374,41.5,100.0,0.0
2200.496,41.5,100.0,0.0
2201.617,41.5,100.0,0.0
2202.737,41.5,100.0,0.0
2203.855,41.5,100.0,0.0
2204.982,41.5,100.0,0.0
2206.095,41.5,100.0,0.0
2207.217,41.5,100.0,0.0
2208.335,41.5,100.0,0.0

2209.458,41.5,100.0,0.0
2210.576,41.5,100.0,0.0
2211.698,41.5,100.0,0.0
2212.817,41.5,100.0,0.0
2213.939,41.5,100.0,0.0
2215.057,41.5,100.0,0.0
2216.179,41.5,100.0,0.0
2217.297,41.5,100.0,0.0

2218.419,41.5,100.0,0.0
2219.538,41.5,100.0,0.0
2220.66,41.5,100.0,0.0
2221.778,41.5,100.0,0.0
2222.9,41.5,100.0,0.0
2224.021,41.5,100.0,0.0
2225.143,41.5,100.0,0.0
2226.259,41.5,100.0,0.0
2227.383,41.5,100.0,0.0

2228.499,41.5,100.0,0.0
2229.621,41.5,100.0,0.0
2230.74,41.5,100.0,0.0
2231.865,41.5,100.0,0.0
2232.981,41.5,100.0,0.0
2234.102,41.5,100.0,0.0
2235.221,41.5,100.0,0.0
2236.343,41.5,100.0,0.0

2237.461,41.5,100.0,0.0
2238.583,41.5,100.0,0.0
2239.702,41.5,100.0,0.0
2240.823,41.5,100.0,0.0
2241.942,41.5,100.0,0.0
2243.064,41.5,100.0,0.0
2244.182,41.5,100.0,0.0
2245.305,41.5,100.0,0.0

2246.423,41.5,100.0,0.0
2247.541,41.5,100.0,0.0
2248.663,41.5,100.0,0.0
2249.781,41.5,100.0,0.0
2250.904,41.5,100.0,0.0
2252.022,41.5,100.0,0.0
2253.144,41.5,100.0,0.0
2254.262,41.5,100.0,0.0
2255.385,41.5,100.0,0.0

2256.503,41.5,100.0,0.0
2257.625,41.5,100.0,0.0
2258.743,41.5,100.0,0.0
2259.865,41.5,100.0,0.0
2260.984,41.5,100.0,0.0
2262.106,41.5,100.0,0.0
2263.224,41.5,100.0,0.0
2264.348,42.0,100.0,0.0

2265.464,41.5,100.0,0.0
2266.587,42.0,100.0,0.0
2267.705,42.0,100.0,0.0
2268.827,42.0,100.0,0.0
2269.945,42.0,100.0,0.0
2271.067,42.0,100.0,0.0
2272.186,42.0,100.0,0.0
2273.308,42.0,100.0,0.0
2274.426,42.0,100.0,0.0

2275.549,42.0,100.0,0.0
2276.667,42.0,100.0,0.0
2277.789,42.0,100.0,0.0
2278.909,42.0,100.0,0.0
2280.032,42.0,100.0,0.0
2281.148,42.0,100.0,0.0
2282.27,42.0,100.0,0.0
2283.388,42.0,100.0,0.0

2284.51,42.0,100.0,0.0
2285.628,42.0,100.0,0.0
2286.75,42.0,100.0,0.0
2287.869,42.0,100.0,0.0
2288.991,42.0,100.0,0.0
2290.109,42.0,100.0,0.0
2291.231,42.0,100.0,0.0
2292.35,42.0,100.0,0.0

2293.472,42.0,100.0,0.0
2294.59,42.0,100.0,0.0
2295.715,42.0,100.0,0.0
2296.83,42.0,100.0,0.0
2297.949,42.0,100.0,0.0
2299.072,42.0,100.0,0.0
2300.189,42.0,100.0,0.0
2301.311,42.0,100.0,0.0
2302.429,42.0,100.0,0.0

2303.551,42.0,100.0,0.0
2304.67,42.0,100.0,0.0
2305.792,42.0,100.0,0.0
2306.91,42.0,100.0,0.0
2308.034,42.0,100.0,0.0
2309.151,42.0,100.0,0.0
2310.273,42.0,100.0,0.0
2311.391,42.0,100.0,0.0

2312.516,42.0,100.0,0.0
2313.632,42.0,100.0,0.0
2314.754,42.0,100.0,0.0
2315.872,42.0,100.0,0.0
2316.994,42.0,100.0,0.0
2318.118,42.0,100.0,0.0
2319.234,42.0,100.0,0.0
2320.353,42.0,100.0,0.0
2321.478,42.0,100.0,0.0

2322.593,42.0,100.0,0.0
2323.715,42.0,100.0,0.0
2324.834,42.0,100.0,0.0
2325.961,42.0,100.0,0.0
2327.074,42.0,100.0,0.0
2328.196,42.0,100.0,0.0
2329.315,42.0,100.0,0.0
2330.437,42.0,100.0,0.0

2331.555,42.0,100.0,0.0
2332.684,42.0,100.0,0.0
2333.795,42.0,100.0,0.0
2334.917,42.0,100.0,0.0
2336.036,42.0,100.0,0.0
2337.158,42.0,100.0,0.0
2338.276,42.0,100.0,0.0
2339.398,42.0,100.0,0.0
2340.517,42.0,100.0,0.0

2341.639,42.0,100.0,0.0
2342.757,42.0,100.0,0.0
2343.88,42.0,100.0,0.0
2344.997,42.0,100.0,0.0
2346.117,42.0,100.0,0.0
2347.238,42.0,100.0,0.0
2348.356,42.0,100.0,0.0
2349.478,42.0,100.0,0.0

2350.597,42.0,100.0,0.0
2351.719,42.0,100.0,0.0
2352.837,42.0,100.0,0.0
2353.959,42.0,100.0,0.0
2355.077,42.0,100.0,0.0
2356.2,42.0,100.0,0.0
2357.318,42.0,100.0,0.0
2358.44,42.0,100.0,0.0

2359.558,42.5,100.0,0.0
2360.684,42.5,100.0,0.0
2361.799,42.5,100.0,0.0
2362.921,42.5,100.0,0.0
2364.04,42.5,100.0,0.0
2365.163,42.5,100.0,0.0
2366.281,42.5,100.0,0.0
2367.401,42.5,100.0,0.0
2368.52,42.5,100.0,0.0

2369.642,42.5,100.0,0.0
2370.76,42.5,100.0,0.0
2371.883,42.5,100.0,0.0
2373.001,42.5,100.0,0.0
2374.123,42.5,100.0,0.0
2375.241,42.5,100.0,0.0
2376.363,42.5,100.0,0.0
2377.484,42.5,100.0,0.0

2378.604,42.5,100.0,0.0
2379.722,42.5,100.0,0.0
2380.85,42.5,100.0,0.0
2381.964,42.5,100.0,0.0
2383.085,42.5,100.0,0.0
2384.203,42.5,100.0,0.0
2385.325,42.5,100.0,0.0
2386.443,42.5,100.0,0.0
2387.565,42.5,100.0,0.0

2388.684,42.5,100.0,0.0
2389.806,42.5,100.0,0.0
2390.924,42.5,100.0,0.0
2392.048,42.5,100.0,0.0
2393.165,42.5,100.0,0.0
2394.284,42.5,100.0,0.0
2395.405,42.5,100.0,0.0
2396.523,42.5,100.0,0.0

2397.648,42.5,100.0,0.0
2398.764,42.5,100.0,0.0
2399.886,42.5,100.0,0.0
2401.004,42.5,100.0,0.0
2402.126,42.5,100.0,0.0
2403.249,42.5,100.0,0.0
2404.367,42.5,100.0,0.0
2405.485,42.5,100.0,0.0

2406.607,42.5,100.0,0.0
2407.725,42.5,100.0,0.0
2408.848,42.5,100.0,0.0
2409.965,42.5,100.0,0.0
2411.088,42.5,100.0,0.0
2412.206,42.5,100.0,0.0
2413.328,42.5,100.0,0.0
2414.448,42.5,100.0,0.0
2415.569,42.5,100.0,0.0

2416.687,42.5,100.0,0.0
2417.809,42.5,100.0,0.0
2418.927,42.5,100.0,0.0
2420.05,42.5,100.0,0.0
2421.168,42.5,100.0,0.0
2422.29,42.5,100.0,0.0
2423.408,42.5,100.0,0.0
2424.531,42.5,100.0,0.0

2425.649,42.5,100.0,0.0
2426.771,42.5,100.0,0.0
2427.889,42.5,100.0,0.0
2429.015,42.5,100.0,0.0
2430.13,42.5,100.0,0.0
2431.252,42.5,100.0,0.0
2432.37,42.5,100.0,0.0
2433.492,42.5,100.0,0.0
2434.61,42.5,100.0,0.0

2435.733,42.5,100.0,0.0
2436.851,42.5,100.0,0.0
2437.973,42.5,100.0,0.0
2439.091,42.5,100.0,0.0
2440.209,42.5,100.0,0.0
2441.332,42.5,100.0,0.0
2442.45,42.5,100.0,0.0
2443.572,42.5,100.0,0.0

2444.691,42.5,100.0,0.0
2445.813,42.5,100.0,0.0
2446.931,42.5,100.0,0.0
2448.053,42.5,100.0,0.0
2449.171,42.5,100.0,0.0
2450.294,42.5,100.0,0.0
2451.412,42.5,100.0,0.0
2452.535,42.5,100.0,0.0

2453.652,42.5,100.0,0.0
2454.774,42.5,100.0,0.0
2455.892,43.0,100.0,0.0
2457.015,43.0,100.0,0.0
2458.133,43.0,100.0,0.0
2459.255,42.5,100.0,0.0
2460.374,43.0,100.0,0.0
2461.496,43.0,100.0,0.0
2462.614,43.0,100.0,0.0

2463.736,43.0,100.0,0.0
2464.854,43.0,100.0,0.0
2465.976,43.0,100.0,0.0
2467.094,43.0,100.0,0.0
2468.217,43.0,100.0,0.0
2469.335,43.0,100.0,0.0
2470.458,43.0,100.0,0.0
2471.581,43.0,100.0,0.0

2472.698,43.0,100.0,0.0
2473.816,43.0,100.0,0.0
2474.938,43.0,100.0,0.0
2476.056,43.0,100.0,0.0
2477.181,43.0,100.0,0.0
2478.306,43.0,100.0,0.0
2479.419,43.0,100.0,0.0
2480.537,43.0,100.0,0.0
2481.659,43.0,100.0,0.0

2482.781,43.0,100.0,0.0
2483.9,43.0,100.0,0.0
2485.018,43.0,100.0,0.0
2486.14,43.0,100.0,0.0
2487.258,43.0,100.0,0.0
2488.381,43.0,100.0,0.0
2489.499,43.0,100.0,0.0
2490.621,43.0,100.0,0.0

2491.739,43.0,100.0,0.0
2492.857,43.0,100.0,0.0
2493.98,43.0,100.0,0.0
2495.098,43.0,100.0,0.0
2496.22,43.0,100.0,0.0
2497.338,43.0,100.0,0.0
2498.46,43.0,100.0,0.0
2499.58,43.0,100.0,0.0
2500.701,43.0,100.0,0.0

2501.819,43.0,100.0,0.0
2502.941,43.0,100.0,0.0
2504.06,43.0,100.0,0.0
2505.182,43.0,100.0,0.0
2506.3,43.0,100.0,0.0
2507.422,43.0,100.0,0.0
2508.54,43.0,100.0,0.0
2509.662,43.0,100.0,0.0

2510.781,43.0,100.0,0.0
2511.903,43.0,100.0,0.0
2513.021,43.0,100.0,0.0
2514.143,43.0,100.0,0.0
2515.262,43.0,100.0,0.0
2516.384,43.0,100.0,0.0
2517.502,43.0,100.0,0.0
2518.624,43.0,100.0,0.0

2519.742,43.0,100.0,0.0
2520.866,43.0,100.0,0.0
2521.983,43.0,100.0,0.0
2523.105,43.0,100.0,0.0
2524.223,43.0,100.0,0.0
2525.346,43.0,100.0,0.0
2526.464,43.0,100.0,0.0
2527.586,43.0,100.0,0.0
2528.705,43.0,100.0,0.0

2529.826,43.0,100.0,0.0
2530.945,43.0,100.0,0.0
2532.067,43.0,100.0,0.0
2533.185,43.0,100.0,0.0
2534.307,43.0,100.0,0.0
2535.426,43.0,100.0,0.0
2536.548,43.0,100.0,0.0
2537.666,43.0,100.0,0.0

2538.788,43.0,100.0,0.0
2539.907,43.0,100.0,0.0
2541.025,43.0,100.0,0.0
2542.147,43.0,100.0,0.0
2543.265,43.0,100.0,0.0
2544.387,43.0,100.0,0.0
2545.506,43.0,100.0,0.0
2546.628,43.0,100.0,0.0
2547.748,43.0,100.0,0.0

2548.868,43.0,100.0,0.0
2549.986,43.0,100.0,0.0
2551.109,43.0,100.0,0.0
2552.227,43.0,100.0,0.0
2553.349,43.5,100.0,0.0
2554.468,43.0,100.0,0.0
2555.589,43.5,100.0,0.0
2556.718,43.5,100.0,0.0

2557.83,43.5,100.0,0.0
2558.948,43.5,100.0,0.0
2560.07,43.5,100.0,0.0
2561.188,43.5,100.0,0.0
2562.313,43.5,100.0,0.0
2563.429,43.5,100.0,0.0
2564.551,43.5,100.0,0.0
2565.669,43.5,100.0,0.0

2566.792,43.5,100.0,0.0
2567.91,43.5,100.0,0.0
2569.032,43.5,100.0,0.0
2570.15,43.5,100.0,0.0
2571.272,43.5,100.0,0.0
2572.39,43.5,100.0,0.0
2573.513,43.5,100.0,0.0
2574.631,43.5,100.0,0.0
2575.753,43.5,100.0,0.0

2576.871,43.5,100.0,0.0
2577.994,43.5,100.0,0.0
2579.112,43.5,100.0,0.0
2580.234,43.5,100.0,0.0
2581.352,43.5,100.0,0.0
2582.474,43.5,100.0,0.0
2583.593,43.5,100.0,0.0
2584.715,43.5,100.0,0.0

2585.833,43.5,100.0,0.0
2586.955,43.5,100.0,0.0
2588.083,43.5,100.0,0.0
2589.196,43.5,100.0,0.0
2590.314,43.5,100.0,0.0
2591.436,43.5,100.0,0.0
2592.554,43.5,100.0,0.0
2593.674,43.5,100.0,0.0
2594.795,43.5,100.0,0.0

2595.92,43.5,100.0,0.0
2597.035,43.5,100.0,0.0
2598.153,43.5,100.0,0.0
2599.28,43.5,100.0,0.0
2600.394,43.5,100.0,0.0
2601.516,43.5,100.0,0.0
2602.634,43.5,100.0,0.0
2603.756,43.5,100.0,0.0

2604.875,43.5,100.0,0.0
2605.997,43.5,100.0,0.0
2607.115,43.5,100.0,0.0
2608.237,43.5,100.0,0.0
2609.355,43.5,100.0,0.0
2610.48,43.5,100.0,0.0
2611.596,43.5,100.0,0.0
2612.718,43.5,100.0,0.0

2613.836,43.5,100.0,0.0
2614.959,43.5,100.0,0.0
2616.077,43.5,100.0,0.0
2617.2,43.5,100.0,0.0
2618.317,43.5,100.0,0.0
2619.439,43.5,100.0,0.0
2620.558,43.5,100.0,0.0
2621.684,43.5,100.0,0.0
2622.798,43.5,100.0,0.0

2623.92,43.5,100.0,0.0
2625.038,43.5,100.0,0.0
2626.161,43.5,100.0,0.0
2627.279,43.5,100.0,0.0
2628.401,43.5,100.0,0.0
2629.52,43.5,100.0,0.0
2630.642,43.5,100.0,0.0
2631.76,43.5,100.0,0.0

2632.882,43.5,100.0,0.0
2634.0,43.5,100.0,0.0
2635.122,43.5,100.0,0.0
2636.241,43.5,100.0,0.0
2637.363,43.5,100.0,0.0
2638.481,43.5,100.0,0.0
2639.603,43.5,100.0,0.0
2640.722,43.5,100.0,0.0
2641.84,43.5,100.0,0.0

2642.962,43.5,100.0,0.0
2644.08,43.5,100.0,0.0
2645.203,43.5,100.0,0.0
2646.32,43.5,100.0,0.0
2647.444,43.5,100.0,0.0
2648.561,43.5,100.0,0.0
2649.683,43.5,100.0,0.0
2650.801,43.5,100.0,0.0

2651.924,43.5,100.0,0.0
2653.042,43.5,100.0,0.0
2654.164,44.0,100.0,0.0
2655.282,44.0,100.0,0.0
2656.404,44.0,100.0,0.0
2657.523,44.0,100.0,0.0
2658.645,44.0,100.0,0.0
2659.763,44.0,100.0,0.0
2660.885,44.0,100.0,0.0

2662.004,44.0,100.0,0.0
2663.126,44.0,100.0,0.0
2664.244,44.0,100.0,0.0
2665.366,44.0,100.0,0.0
2666.484,44.0,100.0,0.0
2667.607,44.0,100.0,0.0
2668.725,44.0,100.0,0.0
2669.847,44.0,100.0,0.0

2670.965,44.0,100.0,0.0
2672.087,44.0,100.0,0.0
2673.206,44.0,100.0,0.0
2674.328,44.0,100.0,0.0
2675.446,44.0,100.0,0.0
2676.569,44.0,100.0,0.0
2677.686,44.0,100.0,0.0
2678.818,44.0,100.0,0.0

2679.927,44.0,100.0,0.0
2681.049,44.0,100.0,0.0
2682.167,44.0,100.0,0.0
2683.291,44.0,100.0,0.0
2684.408,44.0,100.0,0.0
2685.53,44.0,100.0,0.0
2686.648,44.0,100.0,0.0
2687.771,44.0,100.0,0.0
2688.889,44.0,100.0,0.0

2690.012,44.0,100.0,0.0
2691.131,44.0,100.0,0.0
2692.251,44.0,100.0,0.0
2693.369,44.0,100.0,0.0
2694.488,44.0,100.0,0.0
2695.612,44.0,100.0,0.0
2696.728,44.0,100.0,0.0
2697.85,44.0,100.0,0.0

2698.969,44.0,100.0,0.0
2700.091,44.0,100.0,0.0
2701.21,44.0,100.0,0.0
2702.331,44.0,100.0,0.0
2703.449,44.0,100.0,0.0
2704.572,44.0,100.0,0.0
2705.691,44.0,100.0,0.0
2706.812,44.0,100.0,0.0
2707.93,44.0,100.0,0.0

2709.053,44.0,100.0,0.0
2710.171,44.0,100.0,0.0
2711.293,44.0,100.0,0.0
2712.411,44.0,100.0,0.0
2713.533,44.0,100.0,0.0
2714.652,44.0,100.0,0.0
2715.774,44.0,100.0,0.0
2716.892,44.0,100.0,0.0

2718.014,44.0,100.0,0.0
2719.132,44.0,100.0,0.0
2720.255,44.0,100.0,0.0
2721.373,44.0,100.0,0.0
2722.495,44.0,100.0,0.0
2723.614,44.0,100.0,0.0
2724.736,44.0,100.0,0.0
2725.854,44.0,100.0,0.0

2726.978,44.0,100.0,0.0
2728.095,44.0,100.0,0.0
2729.216,44.0,100.0,0.0
2730.334,44.0,100.0,0.0
2731.461,44.0,100.0,0.0
2732.575,44.0,100.0,0.0
2733.697,44.0,100.0,0.0
2734.815,44.0,100.0,0.0
2735.938,44.0,100.0,0.0

2737.056,44.0,100.0,0.0
2738.178,44.0,100.0,0.0
2739.296,44.0,100.0,0.0
2740.419,44.0,100.0,0.0
2741.537,44.0,100.0,0.0
2742.659,44.0,100.0,0.0
2743.777,44.0,100.0,0.0
2744.896,44.0,100.0,0.0

2746.018,44.0,100.0,0.0
2747.136,44.0,100.0,0.0
2748.259,44.0,100.0,0.0
2749.376,44.0,100.0,0.0
2750.498,44.0,100.0,0.0
2751.617,44.0,100.0,0.0
2752.739,44.0,100.0,0.0
2753.857,44.0,100.0,0.0
2754.987,44.5,100.0,0.0

2756.097,44.5,100.0,0.0
2757.22,44.5,100.0,0.0
2758.338,44.5,100.0,0.0
2759.46,44.5,100.0,0.0
2760.58,44.5,100.0,0.0
2761.701,44.5,100.0,0.0
2762.819,44.5,100.0,0.0
2763.941,44.5,100.0,0.0

2765.059,44.5,100.0,0.0
2766.182,44.5,100.0,0.0
2767.301,44.5,100.0,0.0
2768.422,44.5,100.0,0.0
2769.54,44.5,100.0,0.0
2770.662,44.5,100.0,0.0
2771.78,44.5,100.0,0.0
2772.903,44.5,100.0,0.0

2774.021,44.5,100.0,0.0
2775.143,44.5,100.0,0.0
2776.261,44.5,100.0,0.0
2777.393,44.5,100.0,0.0
2778.502,44.5,100.0,0.0
2779.624,44.5,100.0,0.0
2780.745,44.5,100.0,0.0
2781.864,44.5,100.0,0.0
2782.983,44.5,100.0,0.0

2784.105,44.5,100.0,0.0
2785.223,44.5,100.0,0.0
2786.345,44.5,100.0,0.0
2787.463,44.5,100.0,0.0
2788.586,44.5,100.0,0.0
2789.704,44.5,100.0,0.0
2790.826,44.5,100.0,0.0
2791.944,44.5,100.0,0.0

2793.067,44.5,100.0,0.0
2794.185,44.5,100.0,0.0
2795.307,44.5,100.0,0.0
2796.425,44.5,100.0,0.0
2797.545,44.5,100.0,0.0
2798.666,44.5,100.0,0.0
2799.784,44.5,100.0,0.0
2800.906,44.5,100.0,0.0
2802.024,44.5,100.0,0.0

2803.146,44.5,100.0,0.0
2804.264,44.5,100.0,0.0
2805.387,44.5,100.0,0.0
2806.505,44.5,100.0,0.0
2807.627,44.5,100.0,0.0
2808.749,44.5,100.0,0.0
2809.868,44.5,100.0,0.0
2810.986,44.5,100.0,0.0

2812.111,44.5,100.0,0.0
2813.226,44.5,100.0,0.0
2814.349,44.5,100.0,0.0
2815.467,44.5,100.0,0.0
2816.589,44.5,100.0,0.0
2817.721,44.5,100.0,0.0
2818.83,44.5,100.0,0.0
2819.948,44.5,100.0,0.0
2821.07,44.5,100.0,0.0

2822.188,44.5,100.0,0.0
2823.31,44.5,100.0,0.0
2824.428,44.5,100.0,0.0
2825.551,44.5,100.0,0.0
2826.669,44.5,100.0,0.0
2827.791,44.5,100.0,0.0
2828.916,44.5,100.0,0.0
2830.032,44.5,100.0,0.0

2831.15,44.5,100.0,0.0
2832.272,44.5,100.0,0.0
2833.39,44.5,100.0,0.0
2834.512,44.5,100.0,0.0
2835.63,44.5,100.0,0.0
2836.756,44.5,100.0,0.0
2837.871,44.5,100.0,0.0
2839.0,44.5,100.0,0.0

2840.111,44.5,100.0,0.0
2841.234,44.5,100.0,0.0
2842.352,44.5,100.0,0.0
2843.479,44.5,100.0,0.0
2844.592,44.5,100.0,0.0
2845.714,45.0,100.0,0.0
2846.833,44.5,100.0,0.0
2847.955,45.0,100.0,0.0
2849.073,45.0,100.0,0.0

2850.191,45.0,100.0,0.0
2851.314,45.0,100.0,0.0
2852.432,45.0,100.0,0.0
2853.554,45.0,100.0,0.0
2854.672,45.0,100.0,0.0
2855.794,45.0,100.0,0.0
2856.913,45.0,100.0,0.0
2858.035,45.0,100.0,0.0

2859.153,45.0,100.0,0.0
2860.275,45.0,100.0,0.0
2861.394,45.0,100.0,0.0
2862.516,45.0,100.0,0.0
2863.634,45.0,100.0,0.0
2864.757,45.0,100.0,0.0
2865.876,45.0,100.0,0.0
2866.997,45.0,100.0,0.0
2868.115,45.0,100.0,0.0

2869.237,45.0,100.0,0.0
2870.355,45.0,100.0,0.0
2871.478,45.0,100.0,0.0
2872.596,45.0,100.0,0.0
2873.718,45.0,100.0,0.0
2874.836,45.0,100.0,0.0
2875.958,45.0,100.0,0.0
2877.077,45.0,100.0,0.0

2878.199,45.0,100.0,0.0
2879.317,45.0,100.0,0.0
2880.439,45.0,100.0,0.0
2881.557,45.0,100.0,0.0
2882.68,45.0,100.0,0.0
2883.798,45.0,100.0,0.0
2884.923,45.0,100.0,0.0
2886.038,45.0,100.0,0.0
2887.16,45.0,100.0,0.0

2888.279,45.0,100.0,0.0
2889.401,45.0,100.0,0.0
2890.519,45.0,100.0,0.0
2891.641,45.0,100.0,0.0
2892.759,45.0,100.0,0.0
2893.882,45.0,100.0,0.0
2895.0,45.0,100.0,0.0
2896.122,45.0,100.0,0.0

2897.243,45.0,100.0,0.0
2898.363,45.0,100.0,0.0
2899.481,45.0,100.0,0.0
2900.603,45.0,100.0,0.0
2901.721,45.0,100.0,0.0
2902.839,45.0,100.0,0.0
2903.962,45.0,100.0,0.0
2905.08,45.0,100.0,0.0

2906.202,45.0,100.0,0.0
2907.321,45.0,100.0,0.0
2908.442,45.0,100.0,0.0
2909.561,45.0,100.0,0.0
2910.692,45.0,100.0,0.0
2911.801,45.0,100.0,0.0
2912.923,45.0,100.0,0.0
2914.042,45.0,100.0,0.0
2915.164,45.0,100.0,0.0

2916.282,45.0,100.0,0.0
2917.41,45.0,100.0,0.0
2918.522,45.0,100.0,0.0
2919.644,45.0,100.0,0.0
2920.764,45.0,100.0,0.0
2921.885,45.0,100.0,0.0
2923.003,45.0,100.0,0.0
2924.125,45.0,100.0,0.0

2925.244,45.0,100.0,0.0
2926.366,45.0,100.0,0.0
2927.484,45.0,100.0,0.0
2928.612,45.0,100.0,0.0
2929.725,45.0,100.0,0.0
2930.847,45.0,100.0,0.0
2931.965,45.0,100.0,0.0
2933.087,45.0,100.0,0.0
2934.205,45.0,100.0,0.0

2935.328,45.0,100.0,0.0
2936.446,45.0,100.0,0.0
2937.568,45.0,100.0,0.0
2938.688,45.0,100.0,0.0
2939.809,45.0,100.0,0.0
2940.927,45.0,100.0,0.0
2942.049,45.0,100.0,0.0
2943.167,45.0,100.0,0.0

2944.289,45.0,100.0,0.0
2945.41,45.0,100.0,0.0
2946.53,45.0,100.0,0.0
2947.648,45.0,100.0,0.0
2948.77,45.0,100.0,0.0
2949.888,45.0,100.0,0.0
2951.011,45.0,100.0,0.0
2952.129,45.5,100.0,0.0
2953.247,45.0,100.0,0.0

2954.369,45.0,100.0,0.0
2955.488,45.5,100.0,0.0
2956.61,45.5,100.0,0.0
2957.728,45.5,100.0,0.0
2958.85,45.5,100.0,0.0
2959.968,45.5,100.0,0.0
2961.091,45.5,100.0,0.0
2962.208,45.5,100.0,0.0

2963.331,45.5,100.0,0.0
2964.449,45.5,100.0,0.0
2965.571,45.5,100.0,0.0
2966.69,45.5,100.0,0.0
2967.816,45.5,100.0,0.0
2968.93,45.5,100.0,0.0
2970.052,45.5,100.0,0.0
2971.17,45.5,100.0,0.0

2972.293,45.5,100.0,0.0
2973.411,45.5,100.0,0.0
2974.533,45.5,100.0,0.0
2975.651,45.5,100.0,0.0
2976.774,45.5,100.0,0.0
2977.892,45.5,100.0,0.0
2979.014,45.5,100.0,0.0
2980.132,45.5,100.0,0.0
2981.254,45.5,100.0,0.0

2982.376,45.5,100.0,0.0
2983.495,45.5,100.0,0.0
2984.617,45.5,100.0,0.0
2985.735,45.5,100.0,0.0
2986.854,45.5,100.0,0.0
2987.981,45.5,100.0,0.0
2989.094,45.5,100.0,0.0
2990.216,45.5,100.0,0.0

2991.334,45.5,100.0,0.0
2992.457,45.5,100.0,0.0
2993.575,45.5,100.0,0.0
2994.697,45.5,100.0,0.0
2995.815,45.5,100.0,0.0
2996.937,45.5,100.0,0.0
2998.056,45.5,100.0,0.0
2999.178,45.5,100.0,0.0
3000.296,45.5,100.0,0.0

3001.422,45.5,100.0,0.0
3002.537,45.5,100.0,0.0
3003.659,45.5,100.0,0.0
3004.777,45.5,100.0,0.0
3005.899,45.5,100.0,0.0
3007.019,45.5,100.0,0.0
3008.135,45.5,100.0,0.0
3009.258,45.5,100.0,0.0

3010.376,45.5,100.0,0.0
3011.498,45.5,100.0,0.0
3012.616,45.5,100.0,0.0
3013.745,45.5,100.0,0.0
3014.857,45.5,100.0,0.0
3015.979,45.5,100.0,0.0
3017.097,45.5,100.0,0.0
3018.219,45.5,100.0,0.0
3019.337,45.5,100.0,0.0

3020.46,45.5,100.0,0.0
3021.578,45.5,100.0,0.0
3022.702,45.5,100.0,0.0
3023.818,45.5,100.0,0.0
3024.947,45.5,100.0,0.0
3026.059,45.5,100.0,0.0
3027.181,45.5,100.0,0.0
3028.299,45.5,100.0,0.0

3029.422,45.5,100.0,0.0
3030.54,45.5,100.0,0.0
3031.662,45.5,100.0,0.0
3032.78,45.5,100.0,0.0
3033.902,45.5,100.0,0.0
3035.02,45.5,100.0,0.0
3036.143,45.5,100.0,0.0
3037.261,45.5,100.0,0.0

3038.383,45.5,100.0,0.0
3039.501,45.5,100.0,0.0
3040.624,45.5,100.0,0.0
3041.742,45.5,100.0,0.0
3042.864,45.5,100.0,0.0
3043.982,45.5,100.0,0.0
3045.108,45.5,100.0,0.0
3046.223,45.5,100.0,0.0
3047.345,45.5,100.0,0.0

3048.463,45.5,100.0,0.0
3049.585,45.5,100.0,0.0
3050.703,45.5,100.0,0.0
3051.826,45.5,100.0,0.0
3052.944,45.5,100.0,0.0
3054.066,46.0,100.0,0.0
3055.185,45.5,100.0,0.0
3056.307,46.0,100.0,0.0

3057.425,46.0,100.0,0.0
3058.548,46.0,100.0,0.0
3059.665,46.0,100.0,0.0
3060.787,46.0,100.0,0.0
3061.907,46.0,100.0,0.0
3063.028,46.0,100.0,0.0
3064.146,46.0,100.0,0.0
3065.264,46.0,100.0,0.0
3066.387,46.0,100.0,0.0

3067.505,46.0,100.0,0.0
3068.627,46.0,100.0,0.0
3069.745,46.0,100.0,0.0
3070.867,46.0,100.0,0.0
3071.986,46.0,100.0,0.0
3073.108,46.0,100.0,0.0
3074.226,46.0,100.0,0.0
3075.348,46.0,100.0,0.0

3076.466,46.0,100.0,0.0
3077.589,46.0,100.0,0.0
3078.708,46.0,100.0,0.0
3079.829,46.0,100.0,0.0
3080.948,46.0,100.0,0.0
3082.07,46.0,100.0,0.0
3083.188,46.0,100.0,0.0
3084.31,46.0,100.0,0.0

3085.428,46.0,100.0,0.0
3086.55,46.0,100.0,0.0
3087.669,46.0,100.0,0.0
3088.793,46.0,100.0,0.0
3089.909,46.0,100.0,0.0
3091.031,46.0,100.0,0.0
3092.149,46.0,100.0,0.0
3093.272,46.0,100.0,0.0
3094.39,46.0,100.0,0.0

3095.512,46.0,100.0,0.0
3096.63,46.0,100.0,0.0
3097.753,46.0,100.0,0.0
3098.874,46.0,100.0,0.0
3099.993,46.0,100.0,0.0
3101.111,46.0,100.0,0.0
3102.234,46.0,100.0,0.0
3103.352,46.0,100.0,0.0

3104.474,46.0,100.0,0.0
3105.592,46.0,100.0,0.0
3106.714,46.0,100.0,0.0
3107.832,46.0,100.0,0.0
3108.955,46.0,100.0,0.0
3110.073,46.0,100.0,0.0
3111.195,46.0,100.0,0.0
3112.313,46.0,100.0,0.0
3113.437,46.0,100.0,0.0

3114.556,46.0,100.0,0.0
3115.675,46.0,100.0,0.0
3116.794,46.0,100.0,0.0
3117.912,46.0,100.0,0.0
3119.035,46.0,100.0,0.0
3120.153,46.0,100.0,0.0
3121.275,46.0,100.0,0.0
3122.393,46.0,100.0,0.0

3123.515,46.0,100.0,0.0
3124.634,46.0,100.0,0.0
3125.756,46.0,100.0,0.0
3126.874,46.0,100.0,0.0
3127.996,46.0,100.0,0.0
3129.115,46.0,100.0,0.0
3130.237,46.0,100.0,0.0
3131.355,46.0,100.0,0.0

3132.477,46.0,100.0,0.0
3133.595,46.0,100.0,0.0
3134.718,46.0,100.0,0.0
3135.836,46.0,100.0,0.0
3136.958,46.0,100.0,0.0
3138.076,46.0,100.0,0.0
3139.198,46.0,100.0,0.0
3140.317,46.0,100.0,0.0
3141.441,46.0,100.0,0.0

3142.557,46.0,100.0,0.0
3143.68,46.0,100.0,0.0
3144.798,46.0,100.0,0.0
3145.92,46.0,100.0,0.0
3147.041,46.5,100.0,0.0
3148.16,46.0,100.0,0.0
3149.278,46.0,100.0,0.0
3150.401,46.5,100.0,0.0

3151.519,46.5,100.0,0.0
3152.648,46.5,100.0,0.0
3153.759,46.5,100.0,0.0
3154.882,46.5,100.0,0.0
3156.0,46.5,100.0,0.0
3157.122,46.5,100.0,0.0
3158.249,46.5,100.0,0.0
3159.362,46.5,100.0,0.0
3160.481,46.5,100.0,0.0

3161.603,46.5,100.0,0.0
3162.721,46.5,100.0,0.0
3163.843,46.5,100.0,0.0
3164.961,46.5,100.0,0.0
3166.084,46.5,100.0,0.0
3167.202,46.5,100.0,0.0
3168.32,46.5,100.0,0.0
3169.442,46.5,100.0,0.0

3170.56,46.5,100.0,0.0
3171.683,46.5,100.0,0.0
3172.801,46.5,100.0,0.0
3173.929,46.5,100.0,0.0
3175.041,46.5,100.0,0.0
3176.164,46.5,100.0,0.0
3177.282,46.5,100.0,0.0
3178.41,46.5,100.0,0.0
3179.524,46.5,100.0,0.0

3180.645,46.5,100.0,0.0
3181.763,46.5,100.0,0.0
3182.885,46.5,100.0,0.0
3184.003,46.5,100.0,0.0
3185.125,46.5,100.0,0.0
3186.243,46.5,100.0,0.0
3187.366,46.5,100.0,0.0
3188.484,46.5,100.0,0.0

3189.606,46.5,100.0,0.0
3190.724,46.5,100.0,0.0
3191.847,46.5,100.0,0.0
3192.965,46.5,100.0,0.0
3194.087,46.5,100.0,0.0
3195.212,46.5,100.0,0.0
3196.34,46.5,100.0,0.0
3197.445,46.5,100.0,0.0

3198.568,46.5,100.0,0.0
3199.686,46.5,100.0,0.0
3200.808,46.5,100.0,0.0
3201.927,46.5,100.0,0.0
3203.053,46.5,100.0,0.0
3204.167,46.5,100.0,0.0
3205.289,46.5,100.0,0.0
3206.412,46.5,100.0,0.0
3207.53,46.5,100.0,0.0

3208.648,46.5,100.0,0.0
3209.771,46.5,100.0,0.0
3210.888,46.5,100.0,0.0
3212.011,46.5,100.0,0.0
3213.129,46.5,100.0,0.0
3214.251,46.5,100.0,0.0
3215.369,46.5,100.0,0.0
3216.491,46.5,100.0,0.0

3217.609,46.5,100.0,0.0
3218.732,46.5,100.0,0.0
3219.85,46.5,100.0,0.0
3220.973,46.5,100.0,0.0
3222.09,46.5,100.0,0.0
3223.209,46.5,100.0,0.0
3224.331,46.5,100.0,0.0
3225.449,46.5,100.0,0.0
3226.571,46.5,100.0,0.0

3227.689,46.5,100.0,0.0
3228.812,46.5,100.0,0.0
3229.93,46.5,100.0,0.0
3231.052,46.5,100.0,0.0
3232.174,46.5,100.0,0.0
3233.293,46.5,100.0,0.0
3234.411,46.5,100.0,0.0
3235.533,46.5,100.0,0.0

3236.651,46.5,100.0,0.0
3237.773,46.5,100.0,0.0
3238.892,46.5,100.0,0.0
3240.014,46.5,100.0,0.0
3241.132,46.5,100.0,0.0
3242.256,46.5,100.0,0.0
3243.372,46.5,100.0,0.0
3244.495,46.5,100.0,0.0

3245.613,46.5,100.0,0.0
3246.735,46.5,100.0,0.0
3247.853,46.5,100.0,0.0
3248.975,46.5,100.0,0.0
3250.095,46.5,100.0,0.0
3251.216,46.5,100.0,0.0
3252.334,47.0,100.0,0.0
3253.456,47.0,100.0,0.0
3254.575,46.5,100.0,0.0

3255.697,47.0,100.0,0.0
3256.815,47.0,100.0,0.0
3257.945,47.0,100.0,0.0
3259.055,47.0,100.0,0.0
3260.178,47.0,100.0,0.0
3261.296,47.0,100.0,0.0
3262.418,47.0,100.0,0.0
3263.536,47.0,100.0,0.0

3264.658,47.0,100.0,0.0
3265.777,47.0,100.0,0.0
3266.906,47.0,100.0,0.0
3268.017,47.0,100.0,0.0
3269.143,47.0,100.0,0.0
3270.257,47.0,100.0,0.0
3271.379,47.0,100.0,0.0
3272.498,47.0,100.0,0.0
3273.62,47.0,100.0,0.0

3274.74,47.0,100.0,0.0
3275.86,47.0,100.0,0.0
3276.988,47.0,100.0,0.0
3278.097,47.0,100.0,0.0
3279.22,47.0,100.0,0.0
3280.339,47.0,100.0,0.0
3281.459,47.0,100.0,0.0
3282.577,47.0,100.0,0.0

3283.7,47.0,100.0,0.0
3284.818,47.0,100.0,0.0
3285.94,47.0,100.0,0.0
3287.058,47.0,100.0,0.0
3288.18,47.0,100.0,0.0
3289.301,47.0,100.0,0.0
3290.421,47.0,100.0,0.0
3291.539,47.0,100.0,0.0
3292.661,47.0,100.0,0.0

3293.779,47.0,100.0,0.0
3294.901,47.0,100.0,0.0
3296.019,47.0,100.0,0.0
3297.142,47.0,100.0,0.0
3298.26,47.0,100.0,0.0
3299.382,47.0,100.0,0.0
3300.5,47.0,100.0,0.0
3301.622,47.0,100.0,0.0

3302.741,47.0,100.0,0.0
3303.864,47.0,100.0,0.0
3304.981,47.0,100.0,0.0
3306.106,47.0,100.0,0.0
3307.222,47.0,100.0,0.0
3308.344,47.0,100.0,0.0
3309.462,47.0,100.0,0.0
3310.584,47.0,100.0,0.0

3311.706,47.0,100.0,0.0
3312.824,47.0,100.0,0.0
3313.943,47.0,100.0,0.0
3315.065,47.0,100.0,0.0
3316.183,47.0,100.0,0.0
3317.305,47.0,100.0,0.0
3318.424,47.0,100.0,0.0
3319.545,47.0,100.0,0.0
3320.664,47.0,100.0,0.0

3321.786,47.0,100.0,0.0
3322.904,47.0,100.0,0.0
3324.026,47.0,100.0,0.0
3325.144,47.0,100.0,0.0
3326.267,47.0,100.0,0.0
3327.389,47.0,100.0,0.0
3328.503,47.0,100.0,0.0
3329.625,47.0,100.0,0.0

3330.743,47.0,100.0,0.0
3331.865,47.0,100.0,0.0
3332.984,47.0,100.0,0.0
3334.106,47.0,100.0,0.0
3335.224,47.0,100.0,0.0
3336.346,47.0,100.0,0.0
3337.464,47.0,100.0,0.0
3338.587,47.0,100.0,0.0
3339.705,47.0,100.0,0.0

3340.827,47.0,100.0,0.0
3341.948,47.0,100.0,0.0
3343.067,47.0,100.0,0.0
3344.186,47.0,100.0,0.0
3345.308,47.0,100.0,0.0
3346.426,47.0,100.0,0.0
3347.548,47.0,100.0,0.0
3348.666,47.0,100.0,0.0

3349.789,47.0,100.0,0.0
3350.907,47.0,100.0,0.0
3352.029,47.0,100.0,0.0
3353.148,47.0,100.0,0.0
3354.27,47.0,100.0,0.0
3355.387,47.5,100.0,0.0
3356.51,47.0,100.0,0.0
3357.628,47.0,100.0,0.0

3358.75,47.5,100.0,0.0
3359.868,47.5,100.0,0.0
3360.991,47.5,100.0,0.0
3362.111,47.0,100.0,0.0
3363.231,47.5,100.0,0.0
3364.349,47.5,100.0,0.0
3365.471,47.5,100.0,0.0
3366.589,47.5,100.0,0.0
3367.712,47.5,100.0,0.0

3368.83,47.5,100.0,0.0
3369.952,47.5,100.0,0.0
3371.072,47.5,100.0,0.0
3372.192,47.5,100.0,0.0
3373.311,47.5,100.0,0.0
3374.433,47.5,100.0,0.0
3375.551,47.5,100.0,0.0
3376.674,47.5,100.0,0.0

3377.791,47.5,100.0,0.0
3378.914,47.5,100.0,0.0
3380.032,47.5,100.0,0.0
3381.15,47.5,100.0,0.0
3382.272,47.5,100.0,0.0
3383.39,47.5,100.0,0.0
3384.512,47.5,100.0,0.0
3385.631,47.5,100.0,0.0
3386.755,47.5,100.0,0.0

3387.871,47.5,100.0,0.0
3388.994,47.5,100.0,0.0
3390.111,47.5,100.0,0.0
3391.234,47.5,100.0,0.0
3392.352,47.5,100.0,0.0
3393.474,47.5,100.0,0.0
3394.597,47.5,100.0,0.0
3395.714,47.5,100.0,0.0

3396.834,47.5,100.0,0.0
3397.955,47.5,100.0,0.0
3399.073,47.5,100.0,0.0
3400.195,47.5,100.0,0.0
3401.313,47.5,100.0,0.0
3402.436,47.5,100.0,0.0
3403.554,47.5,100.0,0.0
3404.676,47.5,100.0,0.0
3405.794,47.5,100.0,0.0

3406.916,47.5,100.0,0.0
3408.036,47.5,100.0,0.0
3409.157,47.5,100.0,0.0
3410.275,47.5,100.0,0.0
3411.4,47.5,100.0,0.0
3412.515,47.5,100.0,0.0
3413.638,47.5,100.0,0.0
3414.756,47.5,100.0,0.0

3415.878,47.5,100.0,0.0
3416.996,47.5,100.0,0.0
3418.118,47.5,100.0,0.0
3419.24,47.5,100.0,0.0
3420.359,47.5,100.0,0.0
3421.477,47.5,100.0,0.0
3422.599,47.5,100.0,0.0
3423.717,47.5,100.0,0.0

3424.839,47.5,100.0,0.0
3425.958,47.5,100.0,0.0
3427.084,47.5,100.0,0.0
3428.198,47.5,100.0,0.0
3429.32,47.5,100.0,0.0
3430.438,47.5,100.0,0.0
3431.561,47.5,100.0,0.0
3432.679,47.5,100.0,0.0
3433.803,47.5,100.0,0.0

3434.919,47.5,100.0,0.0
3436.041,47.5,100.0,0.0
3437.16,47.5,100.0,0.0
3438.282,47.5,100.0,0.0
3439.4,47.5,100.0,0.0
3440.524,47.5,100.0,0.0
3441.64,47.5,100.0,0.0
3442.763,47.5,100.0,0.0

3443.881,47.5,100.0,0.0
3444.999,47.5,100.0,0.0
3446.124,47.5,100.0,0.0
3447.239,47.5,100.0,0.0
3448.361,47.5,100.0,0.0
3449.48,47.5,100.0,0.0
3450.604,47.5,100.0,0.0
3451.72,47.5,100.0,0.0
3452.842,47.5,100.0,0.0

3453.96,47.5,100.0,0.0
3455.083,47.5,100.0,0.0
3456.204,47.5,100.0,0.0
3457.323,47.5,100.0,0.0
3458.441,47.5,100.0,0.0
3459.564,47.5,100.0,0.0
3460.682,47.5,100.0,0.0
3461.804,47.5,100.0,0.0

3462.922,47.5,100.0,0.0
3464.044,47.5,100.0,0.0
3465.162,47.5,100.0,0.0
3466.285,47.5,100.0,0.0
3467.402,48.0,100.0,0.0
3468.525,47.5,100.0,0.0
3469.643,48.0,100.0,0.0
3470.765,48.0,100.0,0.0
3471.884,48.0,100.0,0.0

3473.006,48.0,100.0,0.0
3474.124,48.0,100.0,0.0
3475.246,48.0,100.0,0.0
3476.364,48.0,100.0,0.0
3477.487,48.0,100.0,0.0
3478.608,48.0,100.0,0.0
3479.727,48.0,100.0,0.0
3480.845,48.0,100.0,0.0

3481.967,48.0,100.0,0.0
3483.085,48.0,100.0,0.0
3484.208,48.0,100.0,0.0
3485.326,48.0,100.0,0.0
3486.448,48.0,100.0,0.0
3487.566,48.0,100.0,0.0
3488.689,48.0,100.0,0.0
3489.807,48.0,100.0,0.0

3490.929,48.0,100.0,0.0
3492.047,48.0,100.0,0.0
3493.171,48.0,100.0,0.0
3494.288,48.0,100.0,0.0
3495.41,48.0,100.0,0.0
3496.528,48.0,100.0,0.0
3497.65,48.0,100.0,0.0
3498.771,48.0,100.0,0.0
3499.886,48.0,100.0,0.0

3501.009,48.0,100.0,0.0
3502.132,48.0,100.0,0.0
3503.249,48.0,100.0,0.0
3504.371,48.0,100.0,0.0
3505.489,48.0,100.0,0.0
3506.608,48.0,100.0,0.0
3507.73,48.0,100.0,0.0
3508.848,48.0,100.0,0.0

3509.97,48.0,100.0,0.0
3511.088,48.0,100.0,0.0
3512.211,48.0,100.0,0.0
3513.329,48.0,100.0,0.0
3514.451,48.0,100.0,0.0
3515.569,48.0,100.0,0.0
3516.692,48.0,100.0,0.0
3517.81,48.0,100.0,0.0
3518.932,48.0,100.0,0.0

3520.05,48.0,100.0,0.0
3521.172,48.0,100.0,0.0
3522.29,48.0,100.0,0.0
3523.413,48.0,100.0,0.0
3524.538,48.0,100.0,0.0
3525.653,48.0,100.0,0.0
3526.781,48.0,100.0,0.0
3527.894,48.0,100.0,0.0

3529.013,48.0,100.0,0.0
3530.145,48.0,100.0,0.0
3531.252,48.0,100.0,0.0
3532.375,48.0,100.0,0.0
3533.492,48.0,100.0,0.0
3534.615,48.0,100.0,0.0
3535.733,48.0,100.0,0.0
3536.855,48.0,100.0,0.0
3537.973,48.0,100.0,0.0

3539.095,48.0,100.0,0.0
3540.213,48.0,100.0,0.0
3541.337,48.0,100.0,0.0
3542.454,48.0,100.0,0.0
3543.576,48.0,100.0,0.0
3544.695,48.0,100.0,0.0
3545.816,48.0,100.0,0.0
3546.937,48.0,100.0,0.0

3548.057,48.0,100.0,0.0
3549.175,48.0,100.0,0.0
3550.297,48.0,100.0,0.0
3551.415,48.0,100.0,0.0
3552.538,48.0,100.0,0.0
3553.656,48.0,100.0,0.0
3554.778,48.0,100.0,0.0
3555.906,48.0,100.0,0.0
3557.021,48.0,100.0,0.0

3558.137,48.0,100.0,0.0
3559.259,48.0,100.0,0.0
3560.377,48.0,100.0,0.0
3561.499,48.0,100.0,0.0
3562.62,48.0,100.0,0.0
3563.74,48.0,100.0,0.0
3564.858,48.0,100.0,0.0
3565.98,48.0,100.0,0.0

3567.098,48.5,100.0,0.0
3568.22,48.5,100.0,0.0
3569.339,48.0,100.0,0.0
3570.461,48.0,100.0,0.0
3571.579,48.0,100.0,0.0
3572.703,48.5,100.0,0.0
3573.819,48.0,100.0,0.0
3574.943,48.5,100.0,0.0

3576.06,48.5,100.0,0.0
3577.182,48.5,100.0,0.0
3578.303,48.5,100.0,0.0
3579.422,48.5,100.0,0.0
3580.541,48.5,100.0,0.0
3581.663,48.5,100.0,0.0
3582.781,48.5,100.0,0.0
3583.903,48.5,100.0,0.0
3585.023,48.5,100.0,0.0

3586.144,48.5,100.0,0.0
3587.262,48.5,100.0,0.0
3588.384,48.5,100.0,0.0
3589.502,48.5,100.0,0.0
3590.624,48.5,100.0,0.0
3591.743,48.5,100.0,0.0
3592.861,48.5,100.0,0.0
3593.983,48.5,100.0,0.0

3595.103,48.5,100.0,0.0
3596.223,48.5,100.0,0.0
3597.342,48.5,100.0,0.0
3598.464,48.5,100.0,0.0
3599.585,48.5,100.0,0.0
3600.704,48.5,100.0,0.0
3601.823,48.5,100.0,0.0
3602.945,48.5,100.0,0.0
3604.063,48.5,100.0,0.0

3605.185,48.5,100.0,0.0
3606.303,48.5,100.0,0.0
3607.425,48.5,100.0,0.0
3608.544,48.5,100.0,0.0
3609.67,48.5,100.0,0.0
3610.784,48.5,100.0,0.0
3611.906,48.5,100.0,0.0
3613.024,48.5,100.0,0.0

3614.146,48.5,100.0,0.0
3615.265,48.5,100.0,0.0
3616.387,48.5,100.0,0.0
3617.505,48.5,100.0,0.0
3618.627,48.5,100.0,0.0
3619.746,48.5,100.0,0.0
3620.868,48.5,100.0,0.0
3621.986,48.5,100.0,0.0

3623.108,48.5,100.0,0.0
3624.226,48.5,100.0,0.0
3625.349,48.5,100.0,0.0
3626.469,48.5,100.0,0.0
3627.589,48.5,100.0,0.0
3628.707,48.5,100.0,0.0
3629.829,48.5,100.0,0.0
3630.948,48.5,100.0,0.0
3632.07,48.5,100.0,0.0

3633.188,48.5,100.0,0.0
3634.31,48.5,100.0,0.0
3635.428,48.5,100.0,0.0
3636.551,48.5,100.0,0.0
3637.669,48.5,100.0,0.0
3638.791,48.5,100.0,0.0
3639.909,48.5,100.0,0.0
3641.031,48.5,100.0,0.0

3642.149,48.5,100.0,0.0
3643.272,48.5,100.0,0.0
3644.39,48.5,100.0,0.0
3645.517,48.5,100.0,0.0
3646.63,48.5,100.0,0.0
3647.754,48.5,100.0,0.0
3648.872,48.5,100.0,0.0
3649.993,48.5,100.0,0.0
3651.121,48.5,100.0,0.0

3652.237,48.5,100.0,0.0
3653.352,48.5,100.0,0.0
3654.474,48.5,100.0,0.0
3655.592,48.5,100.0,0.0
3656.714,48.5,100.0,0.0
3657.836,48.5,100.0,0.0
3658.955,48.5,100.0,0.0
3660.073,48.5,100.0,0.0

3661.195,48.5,100.0,0.0
3662.314,48.5,100.0,0.0
3663.435,48.5,100.0,0.0
3664.554,48.5,100.0,0.0
3665.676,48.5,100.0,0.0
3666.794,48.5,100.0,0.0
3667.916,48.5,100.0,0.0
3669.034,48.5,100.0,0.0
3670.157,48.5,100.0,0.0

3671.275,48.5,100.0,0.0
3672.397,48.5,100.0,0.0
3673.515,48.5,100.0,0.0
3674.637,48.5,100.0,0.0
3675.756,49.0,100.0,0.0
3676.878,48.5,100.0,0.0
3677.996,49.0,100.0,0.0
3679.118,49.0,100.0,0.0

3680.236,49.0,100.0,0.0
3681.359,49.0,100.0,0.0
3682.477,49.0,100.0,0.0
3683.602,49.0,100.0,0.0
3684.717,49.0,100.0,0.0
3685.839,49.0,100.0,0.0
3686.958,49.0,100.0,0.0
3688.08,49.0,100.0,0.0

3689.198,49.0,100.0,0.0
3690.32,49.0,100.0,0.0
3691.438,49.0,100.0,0.0
3692.561,49.0,100.0,0.0
3693.679,49.0,100.0,0.0
3694.801,49.0,0.0,0.0
3695.919,49.0,0.0,0.0
3697.041,49.0,0.0,0.0
3698.16,49.0,0.0,0.0

3699.278,49.0,0.0,0.0
3700.402,49.0,0.0,0.0
